-- phpMyAdmin SQL Dump
-- version 5.2.1
-- https://www.phpmyadmin.net/
--
-- Servidor: 127.0.0.1
-- Tiempo de generación: 07-02-2024 a las 18:11:54
-- Versión del servidor: 8.2.0
-- Versión de PHP: 8.2.4

SET SQL_MODE = "NO_AUTO_VALUE_ON_ZERO";
START TRANSACTION;
SET time_zone = "+00:00";


/*!40101 SET @OLD_CHARACTER_SET_CLIENT=@@CHARACTER_SET_CLIENT */;
/*!40101 SET @OLD_CHARACTER_SET_RESULTS=@@CHARACTER_SET_RESULTS */;
/*!40101 SET @OLD_COLLATION_CONNECTION=@@COLLATION_CONNECTION */;
/*!40101 SET NAMES utf8mb4 */;

--
-- Base de datos: `laravel`
--

-- --------------------------------------------------------

--
-- Estructura de tabla para la tabla `alumnos`
--

CREATE TABLE `alumnos` (
  `id` bigint UNSIGNED NOT NULL,
  `nombre` varchar(255) COLLATE utf8mb4_unicode_ci NOT NULL,
  `apellidoP` varchar(255) COLLATE utf8mb4_unicode_ci NOT NULL,
  `apellidoM` varchar(255) COLLATE utf8mb4_unicode_ci NOT NULL,
  `email` varchar(255) COLLATE utf8mb4_unicode_ci NOT NULL,
  `telefono` varchar(255) COLLATE utf8mb4_unicode_ci NOT NULL,
  `direccion` varchar(255) COLLATE utf8mb4_unicode_ci NOT NULL,
  `no_institucional` varchar(255) COLLATE utf8mb4_unicode_ci NOT NULL,
  `fecha_nacimiento` varchar(255) COLLATE utf8mb4_unicode_ci NOT NULL,
  `anio_ingreso` varchar(255) COLLATE utf8mb4_unicode_ci NOT NULL,
  `carrera` varchar(255) COLLATE utf8mb4_unicode_ci NOT NULL,
  `created_at` timestamp NULL DEFAULT NULL,
  `updated_at` timestamp NULL DEFAULT NULL
) ENGINE=InnoDB DEFAULT CHARSET=utf8mb4 COLLATE=utf8mb4_unicode_ci;

-- --------------------------------------------------------

--
-- Estructura de tabla para la tabla `autores`
--

CREATE TABLE `autores` (
  `id` bigint UNSIGNED NOT NULL,
  `autor` varchar(255) COLLATE utf8mb4_unicode_ci NOT NULL,
  `created_at` timestamp NULL DEFAULT NULL,
  `updated_at` timestamp NULL DEFAULT NULL
) ENGINE=InnoDB DEFAULT CHARSET=utf8mb4 COLLATE=utf8mb4_unicode_ci;

--
-- Volcado de datos para la tabla `autores`
--

INSERT INTO `autores` (`id`, `autor`, `created_at`, `updated_at`) VALUES
(1, 'harold koontz', '2023-11-09 04:08:26', '2023-11-09 04:08:26'),
(2, ' heinz weihrich', '2023-11-09 04:08:26', '2023-11-09 04:08:26'),
(3, 'sergio hernandez y rodriguez', '2023-11-09 04:13:48', '2023-11-09 04:13:48'),
(4, 'stephen p. robbins divid a de cenzo', '2023-11-09 04:18:44', '2023-11-09 04:18:44'),
(5, 'g. s. maddala ellen miller', '2023-11-09 04:22:56', '2023-11-09 04:22:56'),
(6, 'bradford', '2023-11-10 01:21:19', '2023-11-10 01:21:19'),
(7, 'g. velázquez mastretta', '2023-11-10 01:25:41', '2023-11-10 01:25:41'),
(8, 'josé antonio fernández arena', '2023-11-10 01:28:59', '2023-11-10 01:28:59'),
(9, 'salvador mercado h.', '2023-11-10 01:33:37', '2023-11-10 01:33:37'),
(10, 'gonzález hernández ', '2023-11-10 01:42:22', '2023-11-10 01:42:22'),
(11, 'george s. odiorne', '2023-11-10 01:46:38', '2023-11-10 01:46:38'),
(12, 'william e. sadler', '2023-11-10 01:50:24', '2023-11-10 01:50:24'),
(13, 'munch.garcía ', '2023-11-10 01:53:23', '2023-11-10 01:53:23'),
(14, 'munch galindo garcia martínez', '2023-11-10 01:57:30', '2023-11-10 01:57:30'),
(15, 'cunningham', '2023-11-10 02:03:41', '2023-11-10 02:03:41'),
(16, ' aldag', '2023-11-10 02:03:41', '2023-11-10 02:03:41'),
(17, ' swift', '2023-11-10 02:03:41', '2023-11-10 02:03:41'),
(18, 'abraham hernández hernández', '2023-11-10 02:07:42', '2023-11-10 02:07:42'),
(19, 'josé silva ', '2023-11-10 02:12:26', '2023-11-10 02:12:26'),
(20, 'eliyahu m. goldratt', '2023-11-10 02:15:47', '2023-11-10 02:15:47'),
(21, 'gary j. zenz', '2023-11-10 02:19:26', '2023-11-10 02:19:26'),
(22, 'lourdes munch', '2023-11-10 02:24:51', '2023-11-10 02:24:51'),
(23, 'james tucker', '2023-11-10 02:29:25', '2023-11-10 02:29:25'),
(24, 'michael e. porter', '2023-11-10 02:33:03', '2023-11-10 02:33:03'),
(25, 'sharon m. oster', '2023-11-10 02:38:29', '2023-11-10 02:38:29'),
(26, 'arnold heertje', '2023-11-10 02:43:12', '2023-11-10 02:43:12'),
(27, 'pere escorsa castells', '2023-11-10 02:46:42', '2023-11-10 02:46:42'),
(28, ' jaume valls pasola', '2023-11-10 02:46:42', '2023-11-10 02:46:42'),
(29, 'enrique dounce villanueva', '2023-11-10 02:53:23', '2023-11-10 02:53:23'),
(30, 'michael schrage', '2023-11-10 02:56:18', '2023-11-10 02:56:18'),
(31, 'jorge coello castillo', '2023-11-10 03:00:48', '2023-11-10 03:00:48'),
(32, 'aaron sabbagh', '2023-11-10 03:08:06', '2023-11-10 03:08:06'),
(33, ' matías mackinlay', '2023-11-10 03:08:06', '2023-11-10 03:08:06'),
(34, 'david bain', '2023-11-10 03:11:17', '2023-11-10 03:11:17'),
(35, 'dorothy leonard', '2023-11-10 03:17:34', '2023-11-10 03:17:34'),
(36, ' walter swap', '2023-11-10 03:17:34', '2023-11-10 03:17:34'),
(37, 'jesús eduardo tobias páder', '2023-11-10 03:21:30', '2023-11-10 03:21:30'),
(38, 'fabián martínez villegas', '2023-11-10 03:37:51', '2023-11-10 03:37:51'),
(39, 'peter senge', '2023-11-10 03:41:38', '2023-11-10 03:41:38'),
(40, 'thierauf', '2023-11-10 03:44:49', '2023-11-10 03:44:49'),
(41, 'stafford beer', '2023-11-10 03:48:56', '2023-11-10 03:48:56'),
(42, 'robert c. camp', '2023-11-10 03:57:46', '2023-11-10 03:57:46'),
(43, 'chris argyris', '2023-11-11 02:55:31', '2023-11-11 02:55:31'),
(44, 'josé daniel barquero cabrero', '2023-11-11 02:59:12', '2023-11-11 02:59:12'),
(45, 'jeanette smith', '2023-11-11 03:02:37', '2023-11-11 03:02:37'),
(46, 'shirley harrison', '2023-11-11 03:05:24', '2023-11-11 03:05:24'),
(47, 'victor gordoa', '2023-11-11 03:08:22', '2023-11-11 03:08:22'),
(48, 'david bornstein', '2023-11-11 03:10:38', '2023-11-11 03:10:38'),
(49, ' susan davis', '2023-11-11 03:10:38', '2023-11-11 03:10:38'),
(50, 'christopher a. bartlett', '2023-11-11 03:13:13', '2023-11-11 03:13:13'),
(51, ' sumantra ghoshal', '2023-11-11 03:13:13', '2023-11-11 03:13:13'),
(52, 'robert a. crinkley', '2023-11-11 03:16:27', '2023-11-11 03:16:27'),
(53, 'enrique benjamín franklin fincowsky', '2023-11-11 03:19:17', '2023-11-11 03:19:17'),
(54, 'manuel ludevid y montserrat ollé', '2023-11-11 03:21:50', '2023-11-11 03:21:50'),
(55, 'fernando navarro garcía', '2023-11-11 03:24:29', '2023-11-11 03:24:29'),
(56, 'mario gutiérrez', '2023-11-11 03:26:34', '2023-11-11 03:26:34'),
(57, 'ibarra', '2023-11-11 03:28:10', '2023-11-11 03:28:10'),
(58, 'greg balanko dickson', '2023-11-11 03:30:46', '2023-11-11 03:30:46'),
(59, 'lloyd e. shefsky', '2023-11-11 03:33:33', '2023-11-11 03:33:33'),
(60, 'eugenia bieto marcell planells montse ollé', '2023-11-11 03:37:58', '2023-11-11 03:37:58'),
(61, 'jorge enrique silva', '2023-11-11 03:40:26', '2023-11-11 03:40:26'),
(62, 'thomas a. petit', '2023-11-11 03:43:30', '2023-11-11 03:43:30'),
(63, 'allan easton', '2023-11-11 03:48:27', '2023-11-11 03:48:27'),
(64, 'rick molz', '2023-11-11 03:50:45', '2023-11-11 03:50:45'),
(65, 'rené villarreal', '2023-11-11 03:53:09', '2023-11-11 03:53:09'),
(66, 'colin barrow', '2023-11-11 03:55:34', '2023-11-11 03:55:34'),
(67, 'alberto díaz ramírez', '2023-11-11 03:59:06', '2023-11-11 03:59:06'),
(68, 'p.s sudarsanam', '2023-11-11 04:01:23', '2023-11-11 04:01:23'),
(69, 'james h. taggart', '2023-11-11 04:09:06', '2023-11-11 04:09:06'),
(70, ' michael c. mcdermott', '2023-11-11 04:09:06', '2023-11-11 04:09:06'),
(71, 'dale story', '2023-11-11 04:11:58', '2023-11-11 04:11:58'),
(72, 'mauro rodríguez estrada', '2023-11-11 04:14:54', '2023-11-11 04:14:54'),
(73, ' patricia ramírez buendía', '2023-11-11 04:14:54', '2023-11-11 04:14:54'),
(74, 'juan antonio morales arrieta', '2023-11-11 04:17:21', '2023-11-11 04:17:21'),
(75, 'oit ginebra', '2023-11-11 04:19:36', '2023-11-11 04:19:36'),
(76, 'brian rothery', '2023-11-11 04:22:15', '2023-11-11 04:22:15'),
(77, ' ian robertson', '2023-11-11 04:22:15', '2023-11-11 04:22:15'),
(78, 'alfredo acle juan m. vega', '2023-11-11 04:24:41', '2023-11-11 04:24:41'),
(79, 'antonio gonzález hernández ', '2023-11-11 04:27:01', '2023-11-11 04:27:01'),
(80, 'warren j. keegan', '2023-11-11 04:32:33', '2023-11-11 04:32:33'),
(81, 'michael r. czinkota ilkka a. ronkainen', '2023-11-11 04:35:29', '2023-11-11 04:35:29'),
(82, 'david j. rachman michael h. m.', '2023-11-11 04:37:59', '2023-11-11 04:37:59'),
(83, ' mark c. green', '2023-11-11 04:41:05', '2023-11-11 04:41:05'),
(84, 'hyun-sook lee-kim', '2023-11-11 04:45:33', '2023-11-11 04:45:33'),
(85, 'stanley j. paliwoda', '2023-11-11 04:50:41', '2023-11-11 04:50:41'),
(86, 'nicola minervini', '2023-11-11 04:53:30', '2023-11-11 04:53:30'),
(87, 'john saxe-fernández', '2023-11-11 04:57:48', '2023-11-11 04:57:48'),
(88, 'itam', '2023-11-11 05:00:17', '2023-11-11 05:00:17'),
(89, 'sergio flores de gortari', '2023-11-11 05:03:51', '2023-11-11 05:03:51'),
(90, 'virgilio torres m. ', '2023-11-11 05:07:10', '2023-11-11 05:07:10'),
(91, 'david a. aaker v.kumar ', '2023-11-14 01:45:32', '2023-11-14 01:45:32'),
(92, 'thomas c. kinnear james r. taylor', '2023-11-14 01:50:33', '2023-11-14 01:50:33'),
(93, 'naresh k. malhotra', '2023-11-14 01:53:14', '2023-11-14 01:53:14'),
(94, ' carl mc daniel', '2023-11-14 01:56:37', '2023-11-14 01:56:37'),
(95, ' roger gates', '2023-11-14 01:56:37', '2023-11-14 01:56:37'),
(96, 'william j. stanton', '2023-11-14 01:59:16', '2023-11-14 01:59:16'),
(97, ' michael j. etzel', '2023-11-14 01:59:16', '2023-11-14 01:59:16'),
(98, ' brunce j. walker', '2023-11-14 01:59:16', '2023-11-14 01:59:16'),
(99, 'edward harris', '2023-11-14 02:02:02', '2023-11-14 02:02:02'),
(100, ' eugene l. dorr  ', '2023-11-14 02:02:02', '2023-11-14 02:02:02'),
(101, 'alfredo lópez altamirano', '2023-11-14 02:05:26', '2023-11-14 02:05:26'),
(102, ' manuel osuna coronado', '2023-11-14 02:05:26', '2023-11-14 02:05:26'),
(103, 'laura fisher', '2023-11-14 02:08:39', '2023-11-14 02:08:39'),
(104, ' alma navarro', '2023-11-14 02:08:39', '2023-11-14 02:08:39'),
(105, '  alma navarro', '2023-11-14 02:12:53', '2023-11-14 02:12:53'),
(106, '   alma navarro', '2023-11-14 02:13:28', '2023-11-14 02:13:28'),
(107, 'thomas c. kinnear', '2023-11-14 02:15:58', '2023-11-14 02:15:58'),
(108, ' james r. taylor', '2023-11-14 02:15:58', '2023-11-14 02:15:58'),
(109, 'philip kotler', '2023-11-14 02:18:52', '2023-11-14 02:18:52'),
(110, ' eduardo l. roberto', '2023-11-14 02:18:52', '2023-11-14 02:18:52'),
(111, 'richard whiteley', '2023-11-14 02:26:56', '2023-11-14 02:26:56'),
(112, ' diane hessan', '2023-11-14 02:26:56', '2023-11-14 02:26:56'),
(113, 'lester r. bittel', '2023-11-14 02:31:12', '2023-11-14 02:31:12'),
(114, 'richard j. schonberger', '2023-11-14 02:34:07', '2023-11-14 02:34:07'),
(115, 'fremont e. kast', '2023-11-14 02:39:45', '2023-11-14 02:39:45'),
(116, ' james e. rosenzweig', '2023-11-14 02:39:45', '2023-11-14 02:39:45'),
(117, 'george r. terry', '2023-11-14 02:47:03', '2023-11-14 02:47:03'),
(118, ' stephen g. franklin', '2023-11-14 02:47:03', '2023-11-14 02:47:03'),
(119, 'bill scott', '2023-11-14 02:49:32', '2023-11-14 02:49:32'),
(120, ' sven soderberg', '2023-11-14 02:49:32', '2023-11-14 02:49:32'),
(121, 'agustín reyes ponce', '2023-11-14 02:51:50', '2023-11-14 02:51:50'),
(122, 'césar ramírez cavassa', '2023-11-14 02:57:48', '2023-11-14 02:57:48'),
(123, 'leslie w. rue', '2023-11-14 03:00:26', '2023-11-14 03:00:26'),
(124, ' lloyd l. byars', '2023-11-14 03:00:26', '2023-11-14 03:00:26'),
(125, 'larry bossidy & ram charan', '2023-11-14 03:05:19', '2023-11-14 03:05:19'),
(126, 'william p. leonard', '2023-11-14 03:07:06', '2023-11-14 03:07:06'),
(127, 'stephen p. robbins', '2023-11-14 03:12:03', '2023-11-14 03:12:03'),
(128, 'idalberto chiavenato', '2023-11-14 03:14:10', '2023-11-14 03:14:10'),
(129, 'josé antonio fernández aparicio', '2023-11-15 02:59:11', '2023-11-15 02:59:11'),
(130, ' angélica cazorla castro', '2023-11-15 02:59:11', '2023-11-15 02:59:11'),
(131, 'donald j. bowersox', '2023-11-15 03:07:00', '2023-11-15 03:07:00'),
(132, ' david j. closs', '2023-11-15 03:07:00', '2023-11-15 03:07:00'),
(133, ' m. bixby cooper', '2023-11-15 03:07:00', '2023-11-15 03:07:00'),
(134, 'ronald h. ballou', '2023-11-15 03:11:31', '2023-11-15 03:11:31'),
(135, 'octavio carranza', '2023-11-15 03:15:09', '2023-11-15 03:15:09'),
(136, ' federico sabriá', '2023-11-15 03:15:09', '2023-11-15 03:15:09'),
(137, 'charles c poirier', '2023-11-15 03:19:30', '2023-11-15 03:19:30'),
(138, 'kenneth j. albert', '2023-11-15 03:26:24', '2023-11-15 03:26:24'),
(139, 'martín g. Álvarez torres', '2023-11-15 03:30:53', '2023-11-15 03:30:53'),
(140, 'michael hammer & james champy', '2023-11-15 03:36:52', '2023-11-15 03:36:52'),
(141, 'james stoner', '2023-11-18 22:02:52', '2023-11-18 22:02:52'),
(142, ' edward freeman', '2023-11-18 22:02:52', '2023-11-18 22:02:52'),
(143, ' daniel gilbert', '2023-11-18 22:02:52', '2023-11-18 22:02:52'),
(144, 'robbins coutler', '2023-11-18 22:09:07', '2023-11-18 22:09:07'),
(145, 'don hellriegel', '2023-11-18 22:14:38', '2023-11-18 22:14:38'),
(146, ' susan jackson', '2023-11-18 22:14:38', '2023-11-18 22:14:38'),
(147, ' jhon slocum', '2023-11-18 22:14:38', '2023-11-18 22:14:38'),
(148, 'samuel c. certo', '2023-11-18 22:20:54', '2023-11-18 22:20:54'),
(149, 'robert anthony', '2023-11-18 22:26:51', '2023-11-18 22:26:51'),
(150, ' vijay govindarajan', '2023-11-18 22:26:51', '2023-11-18 22:26:51'),
(151, 'andrew j. dubrin', '2023-11-18 22:31:10', '2023-11-18 22:31:10'),
(152, 'stephen robbins', '2023-11-18 22:37:29', '2023-11-18 22:37:29'),
(153, ' mary coutler', '2023-11-18 22:37:29', '2023-11-18 22:37:29'),
(154, 'carl r. pacífico', '2023-11-18 22:42:02', '2023-11-18 22:42:02'),
(155, ' daniel b. witwer', '2023-11-18 22:42:02', '2023-11-18 22:42:02'),
(156, 'popplewell', '2023-11-18 23:05:34', '2023-11-18 23:05:34'),
(157, ' wildsmith', '2023-11-18 23:05:34', '2023-11-18 23:05:34'),
(158, '  heinz weihrich', '2023-11-18 23:08:15', '2023-11-18 23:08:15'),
(159, 'koontz', '2023-11-18 23:33:41', '2023-11-18 23:33:41'),
(160, ' donnell', '2023-11-18 23:33:41', '2023-11-18 23:33:41'),
(161, 'jiménez castro', '2023-11-18 23:52:26', '2023-11-18 23:52:26'),
(162, 'eduardo rodríguez t.', '2023-11-18 23:57:11', '2023-11-18 23:57:11'),
(163, ' mary coulter', '2023-11-22 03:57:25', '2023-11-22 03:57:25'),
(164, 'ramón de la peña manrique ', '2023-11-22 04:03:07', '2023-11-22 04:03:07'),
(165, 'michiel leenders', '2023-11-22 04:08:20', '2023-11-22 04:08:20'),
(166, ' harold e. fearon', '2023-11-22 04:08:20', '2023-11-22 04:08:20'),
(167, ' wilbur b. england', '2023-11-22 04:08:20', '2023-11-22 04:08:20'),
(168, 'robert j. thieraul', '2023-11-22 04:12:32', '2023-11-22 04:12:32'),
(169, ' daniel w. geeding', '2023-11-22 04:12:32', '2023-11-22 04:12:32'),
(170, 'swanson', '2023-11-22 04:21:38', '2023-11-22 04:21:38'),
(171, ' ross', '2023-11-22 04:21:38', '2023-11-22 04:21:38'),
(172, 'hanson', '2023-11-22 04:21:38', '2023-11-22 04:21:38'),
(173, 'boynton', '2023-11-22 04:21:38', '2023-11-22 04:21:38'),
(174, 'j. e. thurman', '2023-11-22 04:25:35', '2023-11-22 04:25:35'),
(175, ' a. e. louzine', '2023-11-22 04:25:35', '2023-11-22 04:25:35'),
(176, ' k. kogi', '2023-11-22 04:25:35', '2023-11-22 04:25:35'),
(177, 'roberto macias pineda', '2023-11-24 01:30:06', '2023-11-24 01:30:06'),
(178, 'spencer', '2023-11-24 01:35:43', '2023-11-24 01:35:43'),
(179, ' siegelman', '2023-11-24 01:35:43', '2023-11-24 01:35:43'),
(180, '  a. e. louzine', '2023-11-24 01:36:58', '2023-11-24 01:36:58'),
(181, '  k. kogi', '2023-11-24 01:36:58', '2023-11-24 01:36:58'),
(182, '  ross', '2023-11-24 01:37:31', '2023-11-24 01:37:31'),
(183, ' hanson', '2023-11-24 01:37:31', '2023-11-24 01:37:31'),
(184, ' boynton', '2023-11-24 01:37:31', '2023-11-24 01:37:31'),
(185, '  daniel w. geeding', '2023-11-24 01:38:02', '2023-11-24 01:38:02'),
(186, '   ross', '2023-11-24 01:42:04', '2023-11-24 01:42:04'),
(187, '  hanson', '2023-11-24 01:42:04', '2023-11-24 01:42:04'),
(188, '  boynton', '2023-11-24 01:42:04', '2023-11-24 01:42:04'),
(189, 'david j. sumanth', '2023-11-24 01:45:37', '2023-11-24 01:45:37'),
(190, 'richard e. kopelman', '2023-11-24 02:06:28', '2023-11-24 02:06:28'),
(191, 'robert n. lussier', '2023-11-24 02:09:31', '2023-11-24 02:09:31'),
(192, ' christopher f. achua', '2023-11-24 02:09:31', '2023-11-24 02:09:31'),
(193, 'pedro marroquin suarez', '2023-11-24 02:16:58', '2023-11-24 02:16:58'),
(194, 'bernard l. rosenbaum', '2023-11-24 02:19:33', '2023-11-24 02:19:33'),
(195, 'harrison owen', '2023-11-24 02:23:10', '2023-11-24 02:23:10'),
(196, 'david siliceo', '2023-11-24 02:26:02', '2023-11-24 02:26:02'),
(197, ' david casares', '2023-11-24 02:26:02', '2023-11-24 02:26:02'),
(198, ' josé luis gonzález', '2023-11-24 02:26:02', '2023-11-24 02:26:02'),
(199, 'mike freeedman', '2023-11-24 02:44:55', '2023-11-24 02:44:55'),
(200, ' benjamin b. tregoe', '2023-11-24 02:44:55', '2023-11-24 02:44:55'),
(201, 'victor h. vroom', '2023-11-24 02:48:43', '2023-11-24 02:48:43'),
(202, ' arthut g. jago', '2023-11-24 02:48:43', '2023-11-24 02:48:43'),
(203, 'philip b. crosby', '2023-11-24 02:51:36', '2023-11-24 02:51:36'),
(204, 'john c. maxwell', '2023-11-24 02:55:03', '2023-11-24 02:55:03'),
(205, 'berta e. madrigal torres', '2023-11-24 03:00:43', '2023-11-24 03:00:43'),
(206, 'arcelia ramos monobe', '2023-11-24 03:03:39', '2023-11-24 03:03:39'),
(207, 'joe reynolds', '2023-11-24 03:09:37', '2023-11-24 03:09:37'),
(208, 'jay a. conger', '2023-11-24 03:24:43', '2023-11-24 03:24:43'),
(209, 'antonio cesar amaru maximiano', '2023-11-24 04:18:14', '2023-11-24 04:18:14'),
(210, 'robert d. hisrich', '2023-11-24 04:22:50', '2023-11-24 04:22:50'),
(211, ' michael p. peters', '2023-11-24 04:22:50', '2023-11-24 04:22:50'),
(212, ' dean a. shepherd', '2023-11-24 04:22:50', '2023-11-24 04:22:50'),
(213, 'rodríguez valencia ', '2023-11-24 04:27:58', '2023-11-24 04:27:58'),
(214, 'paul james', '2023-11-24 04:30:42', '2023-11-24 04:30:42'),
(215, 'maría d. moreno-luzón', '2023-11-24 04:34:41', '2023-11-24 04:34:41'),
(216, ' fernando j. peris', '2023-11-24 04:34:42', '2023-11-24 04:34:42'),
(217, ' tomás gonzález', '2023-11-24 04:34:42', '2023-11-24 04:34:42'),
(218, 'sérvulo anzola rojas', '2023-11-24 04:37:26', '2023-11-24 04:37:26'),
(219, 'longenecker', '2023-11-24 04:42:30', '2023-11-24 04:42:30'),
(220, ' moore', '2023-11-24 04:42:30', '2023-11-24 04:42:30'),
(221, ' petty', '2023-11-24 04:42:30', '2023-11-24 04:42:30'),
(222, ' palich', '2023-11-24 04:42:31', '2023-11-24 04:42:31'),
(223, 'jerome p. finnigan', '2023-11-24 04:45:39', '2023-11-24 04:45:39'),
(224, 'oficina internacional trabajo ginebra', '2023-11-24 04:48:39', '2023-11-24 04:48:39'),
(225, '  moore', '2023-11-24 04:53:11', '2023-11-24 04:53:11'),
(226, '  petty', '2023-11-24 04:53:12', '2023-11-24 04:53:12'),
(227, '  palich', '2023-11-24 04:53:12', '2023-11-24 04:53:12'),
(228, '   heinz weihrich', '2023-11-25 08:53:30', '2023-11-25 08:53:30'),
(229, '   a. e. louzine', '2023-11-25 08:56:12', '2023-11-25 08:56:12'),
(230, '   k. kogi', '2023-11-25 08:56:12', '2023-11-25 08:56:12'),
(231, '    ross', '2023-11-25 08:56:29', '2023-11-25 08:56:29'),
(232, '   hanson', '2023-11-25 08:56:29', '2023-11-25 08:56:29'),
(233, '   boynton', '2023-11-25 08:56:29', '2023-11-25 08:56:29'),
(234, '   daniel w. geeding', '2023-11-25 08:56:46', '2023-11-25 08:56:46'),
(235, '  harold e. fearon', '2023-11-25 08:57:13', '2023-11-25 08:57:13'),
(236, '  wilbur b. england', '2023-11-25 08:57:13', '2023-11-25 08:57:13'),
(237, '   harold e. fearon', '2023-11-25 08:57:35', '2023-11-25 08:57:35'),
(238, '   wilbur b. england', '2023-11-25 08:57:35', '2023-11-25 08:57:35'),
(239, '  mary coulter', '2023-11-25 08:58:36', '2023-11-25 08:58:36'),
(240, '   mary coulter', '2023-11-25 08:58:52', '2023-11-25 08:58:52'),
(241, '  edward freeman', '2023-11-25 09:01:46', '2023-11-25 09:01:46'),
(242, '  donnell', '2023-11-25 09:02:30', '2023-11-25 09:02:30'),
(243, '  susan jackson', '2023-11-25 09:03:00', '2023-11-25 09:03:00'),
(244, '  jhon slocum', '2023-11-25 09:03:00', '2023-11-25 09:03:00'),
(245, '   susan jackson', '2023-11-25 09:03:25', '2023-11-25 09:03:25'),
(246, '   jhon slocum', '2023-11-25 09:03:25', '2023-11-25 09:03:25'),
(247, '  vijay govindarajan', '2023-11-25 09:03:54', '2023-11-25 09:03:54'),
(248, '   vijay govindarajan', '2023-11-25 09:04:05', '2023-11-25 09:04:05'),
(249, '  mary coutler', '2023-11-25 09:04:53', '2023-11-25 09:04:53'),
(250, '  daniel b. witwer', '2023-11-25 09:05:20', '2023-11-25 09:05:20'),
(251, '  wildsmith', '2023-11-25 09:05:45', '2023-11-25 09:05:45'),
(252, '   donnell', '2023-11-25 09:06:01', '2023-11-25 09:06:01'),
(253, '    donnell', '2023-11-25 09:06:22', '2023-11-25 09:06:22'),
(254, '   edward freeman', '2023-11-25 09:06:57', '2023-11-25 09:06:57'),
(255, '    heinz weihrich', '2023-11-25 09:07:38', '2023-11-25 09:07:38'),
(256, '    a. e. louzine', '2023-11-25 09:08:00', '2023-11-25 09:08:00'),
(257, '    k. kogi', '2023-11-25 09:08:00', '2023-11-25 09:08:00'),
(258, '    vijay govindarajan', '2023-11-25 09:08:57', '2023-11-25 09:08:57'),
(259, '     vijay govindarajan', '2023-11-25 09:09:45', '2023-11-25 09:09:45'),
(260, '  roger gates', '2023-11-25 09:18:36', '2023-11-25 09:18:36'),
(261, '  michael j. etzel', '2023-11-25 09:19:12', '2023-11-25 09:19:12'),
(262, '  brunce j. walker', '2023-11-25 09:19:12', '2023-11-25 09:19:12'),
(263, '  eugene l. dorr  ', '2023-11-25 09:19:38', '2023-11-25 09:19:38'),
(264, '  manuel osuna coronado', '2023-11-25 09:20:14', '2023-11-25 09:20:14'),
(265, '    alma navarro', '2023-11-25 09:20:50', '2023-11-25 09:20:50'),
(266, '  james r. taylor', '2023-11-25 09:21:54', '2023-11-25 09:21:54'),
(267, '  daniel gilbert', '2023-11-25 09:22:40', '2023-11-25 09:22:40'),
(268, '  federico sabriá', '2023-11-25 09:25:51', '2023-11-25 09:25:51'),
(269, '  david j. closs', '2023-11-25 09:26:54', '2023-11-25 09:26:54'),
(270, '  m. bixby cooper', '2023-11-25 09:26:54', '2023-11-25 09:26:54'),
(271, '  angélica cazorla castro', '2023-11-25 09:27:29', '2023-11-25 09:27:29'),
(272, '  stephen g. franklin', '2023-11-25 09:28:25', '2023-11-25 09:28:25'),
(273, '  lloyd l. byars', '2023-11-25 09:33:03', '2023-11-25 09:33:03'),
(274, '   lloyd l. byars', '2023-11-25 09:35:10', '2023-11-25 09:35:10'),
(275, '    lloyd l. byars', '2023-11-25 09:35:39', '2023-11-25 09:35:39'),
(276, '    harold e. fearon', '2023-11-25 09:36:09', '2023-11-25 09:36:09'),
(277, '    wilbur b. england', '2023-11-25 09:36:09', '2023-11-25 09:36:09'),
(278, '  sven soderberg', '2023-11-25 09:39:52', '2023-11-25 09:39:52'),
(279, '  james e. rosenzweig', '2023-11-25 09:40:46', '2023-11-25 09:40:46'),
(280, '  diane hessan', '2023-11-25 09:42:46', '2023-11-25 09:42:46'),
(281, '  eduardo l. roberto', '2023-11-25 09:43:59', '2023-11-25 09:43:59'),
(282, '   james r. taylor', '2023-11-25 09:44:21', '2023-11-25 09:44:21'),
(283, '  matías mackinlay', '2023-11-25 09:53:27', '2023-11-25 09:53:27'),
(284, '  walter swap', '2023-11-25 10:00:25', '2023-11-25 10:00:25'),
(285, '  susan davis', '2023-11-25 10:06:45', '2023-11-25 10:06:45'),
(286, '  sumantra ghoshal', '2023-11-25 10:07:25', '2023-11-25 10:07:25'),
(287, '  mark c. green', '2023-11-25 10:11:37', '2023-11-25 10:11:37'),
(288, '  ian robertson', '2023-11-25 10:15:08', '2023-11-25 10:15:08'),
(289, '  patricia ramírez buendía', '2023-11-25 10:17:50', '2023-11-25 10:17:50'),
(290, '  michael c. mcdermott', '2023-11-25 10:19:11', '2023-11-25 10:19:11'),
(291, 'j. k. lasser tax institute', '2023-11-25 21:59:05', '2023-11-25 21:59:05'),
(292, 'geofrey meredit', '2023-11-25 22:02:10', '2023-11-25 22:02:10'),
(293, ' robert e. nelson', '2023-11-25 22:02:10', '2023-11-25 22:02:10'),
(294, 'a. c. rosander', '2023-11-25 22:04:55', '2023-11-25 22:04:55'),
(295, '  fernando j. peris', '2023-11-25 22:07:50', '2023-11-25 22:07:50'),
(296, '  tomás gonzález', '2023-11-25 22:07:50', '2023-11-25 22:07:50'),
(297, 'joseph r.', '2023-11-25 22:10:51', '2023-11-25 22:10:51'),
(298, 'shoji shiba', '2023-11-25 22:14:09', '2023-11-25 22:14:09'),
(299, ' alan graham', '2023-11-25 22:14:09', '2023-11-25 22:14:09'),
(300, ' david walden', '2023-11-25 22:14:09', '2023-11-25 22:14:09'),
(301, 'milton l. rock', '2023-11-25 22:34:47', '2023-11-25 22:34:47'),
(302, 'c. smith', '2023-11-28 01:30:48', '2023-11-28 01:30:48'),
(303, ' h. wakeley', '2023-11-28 01:30:48', '2023-11-28 01:30:48'),
(304, 'charles garfield', '2023-11-28 01:35:10', '2023-11-28 01:35:10'),
(305, 'porfirio teodomiro gonzález y rueda', '2023-11-28 01:40:12', '2023-11-28 01:40:12'),
(306, 'pierre r. turcotte', '2023-11-28 01:44:53', '2023-11-28 01:44:53'),
(307, 'joaquín rodríguez valencia', '2023-11-28 02:14:58', '2023-11-28 02:14:58'),
(308, 'joan ginebra', '2023-11-28 02:17:04', '2023-11-28 02:17:04'),
(309, ' rafael arana de garza', '2023-11-28 02:17:04', '2023-11-28 02:17:04'),
(310, 'enrique ogliasti ', '2023-11-28 02:21:02', '2023-11-28 02:21:02'),
(311, 'rafael de pina', '2023-11-28 02:25:30', '2023-11-28 02:25:30'),
(312, 'heliodoro vásquez martínez', '2023-11-28 02:27:34', '2023-11-28 02:27:34'),
(313, 'adolfo rodellar lisa', '2023-11-28 02:30:47', '2023-11-28 02:30:47'),
(314, 'javier arellano díaz', '2023-11-28 02:47:10', '2023-11-28 02:47:10'),
(315, ' rafael rodríguez cabrera', '2023-11-28 02:47:10', '2023-11-28 02:47:10'),
(316, 'a. gerard bertrand', '2023-11-28 02:51:14', '2023-11-28 02:51:14'),
(317, ' a. de la vega ulibarri', '2023-11-28 02:51:14', '2023-11-28 02:51:14'),
(318, 'donald d. hiserodt', '2023-11-28 03:23:06', '2023-11-28 03:23:06'),
(319, 'janania', '2023-11-28 03:25:24', '2023-11-28 03:25:24'),
(320, 'josé maría cortés díaz', '2023-11-28 03:27:58', '2023-11-28 03:27:58'),
(321, 'lic. abel de la rosa turrubiartes', '2023-11-28 03:33:56', '2023-11-28 03:33:56'),
(322, 'r. meléndez', '2023-11-28 03:37:43', '2023-11-28 03:37:43'),
(323, ' a. baños', '2023-11-28 03:37:44', '2023-11-28 03:37:44'),
(324, ' f. alonso', '2023-11-28 03:37:44', '2023-11-28 03:37:44'),
(325, ' a. aguilar', '2023-11-28 03:37:44', '2023-11-28 03:37:44'),
(326, ' e. bächotold', '2023-11-28 03:37:44', '2023-11-28 03:37:44'),
(327, ' a. reyes', '2023-11-28 03:37:44', '2023-11-28 03:37:44'),
(328, ' a. enriquez', '2023-11-28 03:37:44', '2023-11-28 03:37:44'),
(329, ' e. mendoza', '2023-11-28 03:37:44', '2023-11-28 03:37:44'),
(330, ' a. caldreas', '2023-11-28 03:37:44', '2023-11-28 03:37:44'),
(331, ' a. tort', '2023-11-28 03:37:44', '2023-11-28 03:37:44'),
(332, ' f. domiguez', '2023-11-28 03:37:44', '2023-11-28 03:37:44'),
(333, 'denton', '2023-11-28 03:50:59', '2023-11-28 03:50:59'),
(334, ' patricia ramírez-buendía', '2023-11-28 03:55:29', '2023-11-28 03:55:29'),
(335, 'dan ciampa', '2023-11-28 03:57:31', '2023-11-28 03:57:31'),
(336, 'j. fred weston', '2023-11-29 21:47:20', '2023-11-29 21:47:20'),
(337, ' thomas e. copeland', '2023-11-29 21:47:20', '2023-11-29 21:47:20'),
(338, 'sánchez', '2023-11-29 21:55:20', '2023-11-29 21:55:20'),
(339, ' cantú', '2023-11-29 21:55:20', '2023-11-29 21:55:20'),
(340, 'gary dessley', '2023-11-29 21:58:28', '2023-11-29 21:58:28'),
(341, 'ramón costa', '2023-11-29 22:08:11', '2023-11-29 22:08:11'),
(342, 'j. k. lasser', '2023-11-29 22:12:22', '2023-11-29 22:12:22'),
(343, 'guillermo gómez ceja', '2023-11-29 22:15:37', '2023-11-29 22:15:37'),
(344, 'david j. rachman', '2023-11-29 22:22:36', '2023-11-29 22:22:36'),
(345, ' michael h. m.', '2023-11-29 22:22:37', '2023-11-29 22:22:37'),
(346, ' courtland l. borée', '2023-11-29 22:22:37', '2023-11-29 22:22:37'),
(347, ' john v. thill', '2023-11-29 22:22:37', '2023-11-29 22:22:37'),
(348, '  aldag', '2023-12-01 01:47:56', '2023-12-01 01:47:56'),
(349, '  swift', '2023-12-01 01:47:56', '2023-12-01 01:47:56'),
(350, '  jaume valls pasola', '2023-12-01 01:53:47', '2023-12-01 01:53:47'),
(351, '   walter swap', '2023-12-01 01:55:35', '2023-12-01 01:55:35'),
(352, 'andrés ibáñez t.', '2023-12-01 02:10:00', '2023-12-01 02:10:00'),
(353, 'diana m. gónzalez salazar', '2023-12-01 02:11:48', '2023-12-01 02:11:48'),
(354, 'manuel guillén parra', '2023-12-01 02:16:57', '2023-12-01 02:16:57'),
(355, 'joseph w. weiss', '2023-12-01 02:21:26', '2023-12-01 02:21:26'),
(356, 'manuel g. velasquez', '2023-12-01 02:24:19', '2023-12-01 02:24:19'),
(357, 'enrique díez de castro', '2023-12-01 02:26:31', '2023-12-01 02:26:31'),
(358, ' juan carlos fernández', '2023-12-01 02:26:31', '2023-12-01 02:26:31'),
(359, 'laura fischer', '2023-12-01 02:29:54', '2023-12-01 02:29:54'),
(360, ' jorge espejo', '2023-12-01 02:29:54', '2023-12-01 02:29:54'),
(361, 'bradley t. gale', '2023-12-01 02:33:19', '2023-12-01 02:33:19'),
(362, 'bob e. hayes', '2023-12-01 03:01:02', '2023-12-01 03:01:02'),
(363, 'james r. brennan', '2023-12-01 03:04:00', '2023-12-01 03:04:00'),
(364, 'david cottle', '2023-12-01 03:07:21', '2023-12-01 03:07:21'),
(365, 'leroy m. buckner', '2023-12-01 03:21:05', '2023-12-01 03:21:05'),
(366, 'william b. martin', '2023-12-01 03:31:09', '2023-12-01 03:31:09'),
(367, 'john o´shaughnessy', '2023-12-01 03:48:57', '2023-12-01 03:48:57'),
(368, 'marcos cobras', '2023-12-01 03:59:39', '2023-12-01 03:59:39'),
(369, ' flavio a. zwarg', '2023-12-01 03:59:39', '2023-12-01 03:59:39'),
(370, 'salvador mercado', '2023-12-01 04:01:57', '2023-12-01 04:01:57'),
(371, 'bernard caïazzo', '2023-12-01 04:12:04', '2023-12-01 04:12:04'),
(372, 'biblioteca de manuales practicos de marketing', '2023-12-01 04:27:09', '2023-12-01 04:27:09'),
(373, 'pedro larrea', '2023-12-01 04:32:46', '2023-12-01 04:32:46'),
(374, 'kottler keller', '2023-12-01 04:36:24', '2023-12-01 04:36:24'),
(375, 'mullins', '2023-12-01 04:39:27', '2023-12-01 04:39:27'),
(376, ' walker', '2023-12-01 04:39:27', '2023-12-01 04:39:27'),
(377, ' boyd', '2023-12-01 04:39:27', '2023-12-01 04:39:27'),
(378, ' larreché', '2023-12-01 04:39:27', '2023-12-01 04:39:27');

-- --------------------------------------------------------

--
-- Estructura de tabla para la tabla `autor_libro`
--

CREATE TABLE `autor_libro` (
  `id` bigint UNSIGNED NOT NULL,
  `autores_id` bigint UNSIGNED NOT NULL,
  `libros_id` bigint UNSIGNED NOT NULL,
  `created_at` timestamp NULL DEFAULT NULL,
  `updated_at` timestamp NULL DEFAULT NULL
) ENGINE=InnoDB DEFAULT CHARSET=utf8mb4 COLLATE=utf8mb4_unicode_ci;

--
-- Volcado de datos para la tabla `autor_libro`
--

INSERT INTO `autor_libro` (`id`, `autores_id`, `libros_id`, `created_at`, `updated_at`) VALUES
(1, 1, 1, NULL, NULL),
(3, 3, 2, NULL, NULL),
(4, 4, 3, NULL, NULL),
(5, 5, 4, NULL, NULL),
(6, 6, 5, NULL, NULL),
(7, 7, 6, NULL, NULL),
(8, 8, 7, NULL, NULL),
(9, 9, 8, NULL, NULL),
(10, 10, 9, NULL, NULL),
(11, 11, 10, NULL, NULL),
(12, 12, 11, NULL, NULL),
(13, 13, 12, NULL, NULL),
(14, 14, 13, NULL, NULL),
(15, 15, 14, NULL, NULL),
(18, 18, 15, NULL, NULL),
(19, 19, 16, NULL, NULL),
(20, 20, 17, NULL, NULL),
(21, 21, 18, NULL, NULL),
(22, 22, 19, NULL, NULL),
(23, 23, 20, NULL, NULL),
(24, 24, 21, NULL, NULL),
(25, 24, 22, NULL, NULL),
(26, 25, 23, NULL, NULL),
(27, 26, 24, NULL, NULL),
(28, 27, 25, NULL, NULL),
(30, 29, 26, NULL, NULL),
(31, 30, 27, NULL, NULL),
(32, 31, 28, NULL, NULL),
(33, 32, 29, NULL, NULL),
(36, 35, 31, NULL, NULL),
(38, 37, 32, NULL, NULL),
(39, 38, 33, NULL, NULL),
(40, 39, 34, NULL, NULL),
(41, 40, 35, NULL, NULL),
(42, 41, 36, NULL, NULL),
(44, 42, 38, NULL, NULL),
(45, 43, 39, NULL, NULL),
(46, 44, 40, NULL, NULL),
(47, 45, 41, NULL, NULL),
(48, 46, 42, NULL, NULL),
(49, 47, 43, NULL, NULL),
(50, 48, 44, NULL, NULL),
(52, 50, 45, NULL, NULL),
(54, 52, 46, NULL, NULL),
(55, 53, 47, NULL, NULL),
(56, 54, 48, NULL, NULL),
(57, 55, 49, NULL, NULL),
(58, 56, 50, NULL, NULL),
(59, 57, 51, NULL, NULL),
(60, 58, 52, NULL, NULL),
(61, 59, 53, NULL, NULL),
(62, 60, 54, NULL, NULL),
(63, 61, 55, NULL, NULL),
(64, 62, 56, NULL, NULL),
(65, 63, 57, NULL, NULL),
(66, 64, 58, NULL, NULL),
(67, 65, 59, NULL, NULL),
(68, 66, 60, NULL, NULL),
(69, 57, 61, NULL, NULL),
(70, 67, 62, NULL, NULL),
(71, 68, 63, NULL, NULL),
(72, 69, 64, NULL, NULL),
(74, 71, 65, NULL, NULL),
(75, 72, 66, NULL, NULL),
(77, 74, 67, NULL, NULL),
(78, 75, 68, NULL, NULL),
(79, 76, 69, NULL, NULL),
(81, 78, 70, NULL, NULL),
(82, 79, 71, NULL, NULL),
(83, 80, 72, NULL, NULL),
(84, 81, 73, NULL, NULL),
(86, 80, 75, NULL, NULL),
(88, 84, 76, NULL, NULL),
(89, 81, 77, NULL, NULL),
(90, 85, 78, NULL, NULL),
(91, 86, 79, NULL, NULL),
(92, 87, 80, NULL, NULL),
(93, 88, 81, NULL, NULL),
(94, 89, 82, NULL, NULL),
(95, 90, 83, NULL, NULL),
(96, 9, 84, NULL, NULL),
(97, 9, 85, NULL, NULL),
(98, 91, 86, NULL, NULL),
(99, 92, 87, NULL, NULL),
(100, 93, 88, NULL, NULL),
(101, 94, 89, NULL, NULL),
(103, 96, 90, NULL, NULL),
(106, 99, 91, NULL, NULL),
(108, 101, 92, NULL, NULL),
(110, 103, 93, NULL, NULL),
(112, 103, 94, NULL, NULL),
(117, 107, 95, NULL, NULL),
(119, 109, 96, NULL, NULL),
(121, 109, 97, NULL, NULL),
(122, 111, 98, NULL, NULL),
(124, 113, 99, NULL, NULL),
(125, 114, 100, NULL, NULL),
(126, 8, 101, NULL, NULL),
(127, 115, 102, NULL, NULL),
(129, 117, 103, NULL, NULL),
(131, 119, 104, NULL, NULL),
(133, 121, 105, NULL, NULL),
(134, 121, 106, NULL, NULL),
(135, 122, 107, NULL, NULL),
(136, 123, 108, NULL, NULL),
(138, 125, 109, NULL, NULL),
(139, 126, 110, NULL, NULL),
(140, 8, 111, NULL, NULL),
(141, 127, 112, NULL, NULL),
(142, 128, 113, NULL, NULL),
(143, 128, 114, NULL, NULL),
(144, 117, 115, NULL, NULL),
(146, 121, 116, NULL, NULL),
(147, 129, 117, NULL, NULL),
(149, 131, 118, NULL, NULL),
(152, 134, 119, NULL, NULL),
(153, 135, 120, NULL, NULL),
(155, 137, 121, NULL, NULL),
(156, 138, 122, NULL, NULL),
(157, 139, 123, NULL, NULL),
(158, 140, 124, NULL, NULL),
(159, 141, 125, NULL, NULL),
(162, 144, 126, NULL, NULL),
(163, 145, 127, NULL, NULL),
(166, 148, 128, NULL, NULL),
(167, 149, 129, NULL, NULL),
(169, 151, 130, NULL, NULL),
(170, 152, 131, NULL, NULL),
(172, 154, 132, NULL, NULL),
(174, 156, 133, NULL, NULL),
(177, 159, 134, NULL, NULL),
(179, 141, 135, NULL, NULL),
(181, 1, 136, NULL, NULL),
(183, 1, 137, NULL, NULL),
(185, 1, 138, NULL, NULL),
(187, 161, 139, NULL, NULL),
(188, 162, 140, NULL, NULL),
(189, 127, 141, NULL, NULL),
(191, 164, 142, NULL, NULL),
(192, 165, 143, NULL, NULL),
(195, 168, 144, NULL, NULL),
(197, 170, 145, NULL, NULL),
(201, 174, 146, NULL, NULL),
(204, 177, 147, NULL, NULL),
(205, 178, 148, NULL, NULL),
(206, 179, 148, NULL, NULL),
(216, 189, 149, NULL, NULL),
(217, 34, 150, NULL, NULL),
(218, 190, 151, NULL, NULL),
(219, 191, 152, NULL, NULL),
(220, 192, 152, NULL, NULL),
(221, 34, 153, NULL, NULL),
(222, 193, 154, NULL, NULL),
(223, 194, 155, NULL, NULL),
(224, 195, 156, NULL, NULL),
(225, 196, 157, NULL, NULL),
(226, 197, 157, NULL, NULL),
(227, 198, 157, NULL, NULL),
(228, 199, 158, NULL, NULL),
(229, 200, 158, NULL, NULL),
(230, 201, 159, NULL, NULL),
(231, 202, 159, NULL, NULL),
(232, 203, 160, NULL, NULL),
(233, 204, 161, NULL, NULL),
(234, 22, 162, NULL, NULL),
(235, 205, 163, NULL, NULL),
(236, 206, 164, NULL, NULL),
(237, 207, 165, NULL, NULL),
(238, 204, 166, NULL, NULL),
(239, 208, 167, NULL, NULL),
(240, 209, 168, NULL, NULL),
(241, 210, 169, NULL, NULL),
(242, 211, 169, NULL, NULL),
(243, 212, 169, NULL, NULL),
(244, 213, 170, NULL, NULL),
(245, 214, 171, NULL, NULL),
(246, 215, 172, NULL, NULL),
(249, 218, 173, NULL, NULL),
(250, 219, 174, NULL, NULL),
(254, 223, 175, NULL, NULL),
(255, 224, 176, NULL, NULL),
(256, 225, 174, NULL, NULL),
(257, 226, 174, NULL, NULL),
(258, 227, 174, NULL, NULL),
(259, 228, 1, NULL, NULL),
(262, 231, 145, NULL, NULL),
(263, 232, 145, NULL, NULL),
(264, 233, 145, NULL, NULL),
(265, 234, 144, NULL, NULL),
(271, 240, 141, NULL, NULL),
(280, 245, 127, NULL, NULL),
(281, 246, 127, NULL, NULL),
(284, 249, 131, NULL, NULL),
(285, 250, 132, NULL, NULL),
(286, 251, 133, NULL, NULL),
(288, 253, 134, NULL, NULL),
(289, 254, 135, NULL, NULL),
(290, 228, 136, NULL, NULL),
(291, 228, 137, NULL, NULL),
(292, 255, 138, NULL, NULL),
(293, 256, 146, NULL, NULL),
(294, 257, 146, NULL, NULL),
(296, 259, 129, NULL, NULL),
(297, 260, 89, NULL, NULL),
(298, 261, 90, NULL, NULL),
(299, 262, 90, NULL, NULL),
(300, 263, 91, NULL, NULL),
(301, 264, 92, NULL, NULL),
(302, 265, 93, NULL, NULL),
(305, 241, 125, NULL, NULL),
(306, 267, 125, NULL, NULL),
(307, 268, 120, NULL, NULL),
(308, 269, 118, NULL, NULL),
(309, 270, 118, NULL, NULL),
(310, 271, 117, NULL, NULL),
(311, 272, 115, NULL, NULL),
(314, 275, 108, NULL, NULL),
(315, 276, 143, NULL, NULL),
(316, 277, 143, NULL, NULL),
(317, 278, 104, NULL, NULL),
(318, 272, 103, NULL, NULL),
(319, 279, 102, NULL, NULL),
(320, 280, 98, NULL, NULL),
(321, 281, 96, NULL, NULL),
(322, 282, 95, NULL, NULL),
(323, 265, 94, NULL, NULL),
(324, 283, 29, NULL, NULL),
(326, 285, 44, NULL, NULL),
(327, 286, 45, NULL, NULL),
(328, 287, 75, NULL, NULL),
(329, 288, 69, NULL, NULL),
(330, 289, 66, NULL, NULL),
(331, 290, 64, NULL, NULL),
(332, 218, 177, NULL, NULL),
(333, 291, 178, NULL, NULL),
(334, 292, 179, NULL, NULL),
(335, 293, 179, NULL, NULL),
(336, 294, 180, NULL, NULL),
(337, 295, 172, NULL, NULL),
(338, 296, 172, NULL, NULL),
(339, 297, 181, NULL, NULL),
(340, 298, 182, NULL, NULL),
(341, 299, 182, NULL, NULL),
(342, 300, 182, NULL, NULL),
(343, 301, 183, NULL, NULL),
(344, 301, 184, NULL, NULL),
(345, 301, 185, NULL, NULL),
(346, 301, 186, NULL, NULL),
(347, 302, 187, NULL, NULL),
(348, 303, 187, NULL, NULL),
(349, 304, 188, NULL, NULL),
(350, 305, 189, NULL, NULL),
(351, 306, 190, NULL, NULL),
(352, 224, 191, NULL, NULL),
(353, 307, 192, NULL, NULL),
(354, 308, 193, NULL, NULL),
(355, 309, 193, NULL, NULL),
(356, 310, 194, NULL, NULL),
(357, 311, 195, NULL, NULL),
(358, 312, 196, NULL, NULL),
(359, 313, 197, NULL, NULL),
(360, 314, 198, NULL, NULL),
(361, 315, 198, NULL, NULL),
(362, 316, 199, NULL, NULL),
(363, 317, 199, NULL, NULL),
(364, 318, 200, NULL, NULL),
(365, 319, 201, NULL, NULL),
(366, 320, 202, NULL, NULL),
(367, 321, 203, NULL, NULL),
(368, 322, 204, NULL, NULL),
(369, 323, 204, NULL, NULL),
(370, 324, 204, NULL, NULL),
(371, 325, 204, NULL, NULL),
(372, 326, 204, NULL, NULL),
(373, 327, 204, NULL, NULL),
(374, 328, 204, NULL, NULL),
(375, 329, 204, NULL, NULL),
(376, 330, 204, NULL, NULL),
(377, 331, 204, NULL, NULL),
(378, 332, 204, NULL, NULL),
(379, 333, 205, NULL, NULL),
(380, 122, 206, NULL, NULL),
(381, 72, 207, NULL, NULL),
(382, 334, 207, NULL, NULL),
(383, 335, 208, NULL, NULL),
(384, 336, 209, NULL, NULL),
(385, 337, 209, NULL, NULL),
(386, 338, 210, NULL, NULL),
(387, 339, 210, NULL, NULL),
(388, 340, 211, NULL, NULL),
(389, 341, 212, NULL, NULL),
(390, 342, 213, NULL, NULL),
(391, 343, 214, NULL, NULL),
(392, 344, 74, NULL, NULL),
(393, 345, 74, NULL, NULL),
(394, 346, 74, NULL, NULL),
(395, 347, 74, NULL, NULL),
(396, 348, 14, NULL, NULL),
(397, 349, 14, NULL, NULL),
(398, 350, 25, NULL, NULL),
(399, 351, 31, NULL, NULL),
(400, 352, 215, NULL, NULL),
(401, 353, 216, NULL, NULL),
(402, 151, 217, NULL, NULL),
(403, 354, 218, NULL, NULL),
(404, 355, 219, NULL, NULL),
(405, 356, 220, NULL, NULL),
(406, 357, 221, NULL, NULL),
(407, 358, 221, NULL, NULL),
(408, 359, 222, NULL, NULL),
(409, 360, 222, NULL, NULL),
(410, 361, 223, NULL, NULL),
(411, 362, 224, NULL, NULL),
(412, 363, 225, NULL, NULL),
(413, 364, 226, NULL, NULL),
(414, 365, 227, NULL, NULL),
(416, 100, 200, NULL, NULL),
(417, 263, 227, NULL, NULL),
(418, 366, 228, NULL, NULL),
(419, 134, 229, NULL, NULL),
(420, 367, 230, NULL, NULL),
(421, 368, 231, NULL, NULL),
(422, 369, 231, NULL, NULL),
(423, 370, 232, NULL, NULL),
(424, 109, 233, NULL, NULL),
(425, 371, 234, NULL, NULL),
(426, 372, 235, NULL, NULL),
(427, 372, 236, NULL, NULL),
(428, 373, 237, NULL, NULL),
(429, 374, 238, NULL, NULL),
(430, 375, 239, NULL, NULL),
(431, 376, 239, NULL, NULL),
(432, 377, 239, NULL, NULL),
(433, 378, 239, NULL, NULL);

-- --------------------------------------------------------

--
-- Estructura de tabla para la tabla `categorias`
--

CREATE TABLE `categorias` (
  `id` bigint UNSIGNED NOT NULL,
  `categoria` varchar(255) COLLATE utf8mb4_unicode_ci NOT NULL,
  `created_at` timestamp NULL DEFAULT NULL,
  `updated_at` timestamp NULL DEFAULT NULL
) ENGINE=InnoDB DEFAULT CHARSET=utf8mb4 COLLATE=utf8mb4_unicode_ci;

--
-- Volcado de datos para la tabla `categorias`
--

INSERT INTO `categorias` (`id`, `categoria`, `created_at`, `updated_at`) VALUES
(1, 'Sistemas computacionales', '2023-11-09 03:52:23', '2023-11-09 03:52:23'),
(2, 'Contaduría', '2023-11-09 03:52:23', '2023-11-09 03:52:23'),
(3, 'Mecatrónica', '2023-11-09 03:52:23', '2023-11-09 03:52:23'),
(4, 'Electromecánica', '2023-11-09 03:52:23', '2023-11-09 03:52:23'),
(5, 'Gestión empresarial', '2023-11-09 03:52:23', '2023-11-09 03:52:23'),
(6, 'Industrial', '2023-11-09 03:52:23', '2023-11-09 03:52:23'),
(7, 'Electrónica', '2023-11-09 03:52:23', '2023-11-09 03:52:23'),
(8, 'Revista', '2023-11-09 03:52:23', '2023-11-09 03:52:23'),
(9, 'CD o Video', '2023-11-09 03:52:23', '2023-11-09 03:52:23');

-- --------------------------------------------------------

--
-- Estructura de tabla para la tabla `estantes`
--

CREATE TABLE `estantes` (
  `id` bigint UNSIGNED NOT NULL,
  `estante` varchar(255) COLLATE utf8mb4_unicode_ci DEFAULT NULL,
  `created_at` timestamp NULL DEFAULT NULL,
  `updated_at` timestamp NULL DEFAULT NULL
) ENGINE=InnoDB DEFAULT CHARSET=utf8mb4 COLLATE=utf8mb4_unicode_ci;

--
-- Volcado de datos para la tabla `estantes`
--

INSERT INTO `estantes` (`id`, `estante`, `created_at`, `updated_at`) VALUES
(1, 'Diccionarios A', '2023-11-09 03:52:24', '2023-11-09 03:52:24'),
(2, 'Enciclopedia A', '2023-11-09 03:52:24', '2023-11-09 03:52:24'),
(3, 'Ética BJ', '2023-11-09 03:52:24', '2023-11-09 03:52:24'),
(4, 'Economía HB', '2023-11-09 03:52:24', '2023-11-09 03:52:24'),
(5, 'Calidad HD', '2023-11-09 03:52:24', '2023-11-09 03:52:24'),
(6, 'Estadística', '2023-11-09 03:52:24', '2023-11-09 03:52:24'),
(7, 'Mercadotecnia', '2023-11-09 03:52:24', '2023-11-09 03:52:24'),
(8, 'Recursos Humanos HF', '2023-11-09 03:52:24', '2023-11-09 03:52:24'),
(9, 'Contaduría HF', '2023-11-09 03:52:24', '2023-11-09 03:52:24'),
(10, 'Auditoria HF', '2023-11-09 03:52:24', '2023-11-09 03:52:24'),
(11, 'Matemáticas Financieras HF', '2023-11-09 03:52:24', '2023-11-09 03:52:24'),
(12, 'Finanzas HG', '2023-11-09 03:52:24', '2023-11-09 03:52:24'),
(13, 'Sociología HM', '2023-11-09 03:52:24', '2023-11-09 03:52:24'),
(14, 'Derecho KFG', '2023-11-09 03:52:24', '2023-11-09 03:52:24'),
(15, 'Derecho KGF', '2023-11-09 03:52:24', '2023-11-09 03:52:24'),
(16, 'Metodología de la investigación Q', '2023-11-09 03:52:24', '2023-11-09 03:52:24'),
(17, 'Matemáticas Discretas QA', '2023-11-09 03:52:24', '2023-11-09 03:52:24'),
(18, 'Calculo QA', '2023-11-09 03:52:24', '2023-11-09 03:52:24'),
(19, 'Física QD', '2023-11-09 03:52:24', '2023-11-09 03:52:24'),
(20, 'Seguridad Industrial T', '2023-11-09 03:52:24', '2023-11-09 03:52:24'),
(21, 'Investigación de Operaciones T', '2023-11-09 03:52:24', '2023-11-09 03:52:24'),
(22, 'Auto Cad T', '2023-11-09 03:52:24', '2023-11-09 03:52:24'),
(23, 'Ingeniería Economica', '2023-11-09 03:52:24', '2023-11-09 03:52:24'),
(24, 'Ciencias de Materiales TA', '2023-11-09 03:52:24', '2023-11-09 03:52:24'),
(25, 'Mecatrónica TJ', '2023-11-09 03:52:24', '2023-11-09 03:52:24'),
(26, 'Guía Para Mediciones Eléctricas TK', '2023-11-09 03:52:24', '2023-11-09 03:52:24'),
(27, 'Circuitos Eléctricos TK', '2023-11-09 03:52:24', '2023-11-09 03:52:24'),
(28, 'Dispositivos Electrónicos TK', '2023-11-09 03:52:24', '2023-11-09 03:52:24'),
(29, 'Refrigeración TP', '2023-11-09 03:52:24', '2023-11-09 03:52:24'),
(30, 'Manual de Ingeniería Industrial TS', '2023-11-09 03:52:24', '2023-11-09 03:52:24'),
(31, 'Administración de operaciones TS', '2023-11-09 03:52:24', '2023-11-09 03:52:24'),
(32, 'Calidad TS', '2023-11-09 03:52:24', '2023-11-09 03:52:24'),
(33, 'Diseño digital TK', '2023-11-09 03:52:24', '2023-11-09 03:52:24'),
(34, 'Clasificación Pendiente', '2023-11-09 03:52:24', '2023-11-09 03:52:24');

-- --------------------------------------------------------

--
-- Estructura de tabla para la tabla `failed_jobs`
--

CREATE TABLE `failed_jobs` (
  `id` bigint UNSIGNED NOT NULL,
  `uuid` varchar(255) COLLATE utf8mb4_unicode_ci NOT NULL,
  `connection` text COLLATE utf8mb4_unicode_ci NOT NULL,
  `queue` text COLLATE utf8mb4_unicode_ci NOT NULL,
  `payload` longtext COLLATE utf8mb4_unicode_ci NOT NULL,
  `exception` longtext COLLATE utf8mb4_unicode_ci NOT NULL,
  `failed_at` timestamp NOT NULL DEFAULT CURRENT_TIMESTAMP
) ENGINE=InnoDB DEFAULT CHARSET=utf8mb4 COLLATE=utf8mb4_unicode_ci;

-- --------------------------------------------------------

--
-- Estructura de tabla para la tabla `headers`
--

CREATE TABLE `headers` (
  `id` bigint UNSIGNED NOT NULL,
  `header` varchar(255) COLLATE utf8mb4_unicode_ci NOT NULL,
  `footer` varchar(255) COLLATE utf8mb4_unicode_ci NOT NULL,
  `created_at` timestamp NULL DEFAULT NULL,
  `updated_at` timestamp NULL DEFAULT NULL
) ENGINE=InnoDB DEFAULT CHARSET=utf8mb4 COLLATE=utf8mb4_unicode_ci;

-- --------------------------------------------------------

--
-- Estructura de tabla para la tabla `libros`
--

CREATE TABLE `libros` (
  `id` bigint UNSIGNED NOT NULL,
  `created_at` timestamp NULL DEFAULT NULL,
  `updated_at` timestamp NULL DEFAULT NULL,
  `titulo` varchar(255) COLLATE utf8mb4_unicode_ci NOT NULL,
  `edicion` varchar(255) COLLATE utf8mb4_unicode_ci NOT NULL,
  `tomo` varchar(255) COLLATE utf8mb4_unicode_ci DEFAULT NULL,
  `paginas` varchar(255) COLLATE utf8mb4_unicode_ci NOT NULL,
  `categoria_id` bigint UNSIGNED NOT NULL,
  `fecha` date NOT NULL,
  `cantidad` int NOT NULL,
  `isbn` varchar(255) COLLATE utf8mb4_unicode_ci NOT NULL,
  `descripcion` text COLLATE utf8mb4_unicode_ci NOT NULL,
  `imagen` varchar(255) COLLATE utf8mb4_unicode_ci NOT NULL,
  `publicado` int NOT NULL DEFAULT '1',
  `user_id` bigint UNSIGNED NOT NULL,
  `estante_id` bigint UNSIGNED DEFAULT NULL
) ENGINE=InnoDB DEFAULT CHARSET=utf8mb4 COLLATE=utf8mb4_unicode_ci;

--
-- Volcado de datos para la tabla `libros`
--

INSERT INTO `libros` (`id`, `created_at`, `updated_at`, `titulo`, `edicion`, `tomo`, `paginas`, `categoria_id`, `fecha`, `cantidad`, `isbn`, `descripcion`, `imagen`, `publicado`, `user_id`, `estante_id`) VALUES
(1, '2023-11-09 04:08:26', '2023-11-25 08:53:30', 'elementos de administración', 'mexico graw hill', 'tomo 5', '565', 2, '2023-11-08', 14, 'ISBN-9684222831', 'elementos de administración es una versión reducida de la obra administración 9a. ed., de los mismos autores. para mcgraw-hill es una satisfacción publicar la quinta edición de un texto que se ha convertido en un clásico del proceso administrativo. ', 'sMIvo8147yRBRAtcToA4tMrYsaLm61E7nyKJ3eMf.jpg', 1, 2, 7),
(2, '2023-11-09 04:13:48', '2023-11-25 08:54:06', 'introducción a la administración', 'mexico graw hill', 'tomo1', '405', 2, '2023-11-08', 11, 'ISBN-9701004361', 'es indudable que los administradores modernos necesitan bases solidas de la teoria administrativa para lograr una formación competitiva.', 'EEMeTRYIxLZ0n89E5abUTUmS9ykyFbXOc36OkP06.jpg', 1, 2, 7),
(3, '2023-11-09 04:18:44', '2023-12-01 01:59:59', 'fundamentos de administración', 'mexico pearson prentice hall', 'tomo 1', '485', 2, '2023-11-08', 9, 'ISBN-9688806951', 'los administradores en las organizaciones no concuerdan con perfiles especificos.', 'VmU4OgSvTWPLIECAQnLSj0NVBGn2dGFCePmJWB0Z.jpg', 1, 2, 7),
(4, '2023-11-09 04:22:56', '2023-12-01 02:00:15', 'micro economia', 'mexico graw hill', 'tomo 1', '649', 2, '2023-11-08', 1, 'ISBN-9684512422', 'al principio solo existia una \"economia\". después de la gran depresión de la decada de 1930 esta se convirtio en dos...', '1cMLLxgv0H9DGhsiIIPi9c7fnc3GCRs47IvoB2XX.jpg', 1, 2, 7),
(5, '2023-11-10 01:21:19', '2023-12-01 01:59:12', 'excelencia en la administración', 'mexico limusa', '1', '306', 2, '2023-11-09', 2, 'ISBN-9681825888', 'el objetivo de los autores es ayudar al lector a explorar los limites de los viejos modelos de administración y buscar las posibilidades de lograr la excelencia.', 'WmE9B6XG9M3JaNk5ZAlYYYfvw0gHUZeC46bzq1z9.jpg', 1, 2, 7),
(6, '2023-11-10 01:25:41', '2023-12-01 01:58:51', 'técnicas de administración de la producción', 'méxico limusa', '1', '197', 2, '2023-11-09', 1, 'ISBN-9681819777', 'este libre pretende integrar las principales técnicas relacionadas con la administración de la producción.', 'MjxHtMycdEXXtVRWShZAGUwY3BrMaTmtcis0I8uP.jpg', 1, 2, 7),
(7, '2023-11-10 01:28:59', '2023-12-01 02:03:26', 'principios administrativos ', 'méxico diana ', '2', '239', 2, '2023-11-09', 2, 'ISBN-9681321391', 'la tendencia innata del ser humano a asociarse con otros para lograr ciertos objetivos, y la complejidad creciente de las asociaciones resultantes.', 'TRPKyEyzigYZpH5KkUTneG7ZmcQSsSm5xn6pdvMg.jpg', 1, 2, 7),
(8, '2023-11-10 01:33:38', '2023-12-01 01:58:08', 'administración aplicada teoría y práctica', 'méxico limusa', '1', '543', 2, '2023-11-09', 4, 'ISBN-9681829743', 'la obra constituye un texto práctico y útil tanto para el estudiante de administración como para el empresario.  ', 'z69XONy9Bof5J3OvRrsYOrEBI7MHX9dPpplRyXgD.jpg', 1, 2, 7),
(9, '2023-11-10 01:42:22', '2023-12-01 01:57:49', 'administrar para producir', 'méxico ecasa', '1', '456', 2, '2023-11-09', 2, 'ISBN-9703600743', 'somos el país más endeudado de la tierra, ya que debemos mas de 80 000 millones de dólares.', 'mXxd3N10Sxd4lj8yR8nDGLVnpV7lyq8fIkagzE4w.jpg', 1, 2, 7),
(10, '2023-11-10 01:46:38', '2023-12-01 01:57:32', 'administración por objetivos', 'méxico limusa', '1', '220', 2, '2023-11-09', 2, 'ISBN-9681802667', 'la moderna sociedad mercantil, en que la propiedad y el control están casi totalmente separadas. ', 'Pkthlk8ztOhCVmtYu5MoSKrsuaFHmm8zj5XDiV2B.jpg', 1, 2, 7),
(11, '2023-11-10 01:50:24', '2023-12-01 01:57:12', 'i ching de la administración', ' méxico castillo', '1', '151', 2, '2023-11-09', 2, 'ISBN-9687415703', 'antiguo, sabio y respetado, el tao te ching de la lao tse a esparcido su luz durante varios siglos.  ', '6Z2M0WGHCgpSoXCRzVF7VGIh6HEUOuNZaYfYJ8ar.jpg', 1, 2, 7),
(12, '2023-11-10 01:53:23', '2023-12-01 01:56:56', 'fundamentos de la administración', 'méxico trillas', '1', '246', 2, '2023-11-09', 7, 'ISBN-9682467578', 'la presente obra expone los principios, las técnicas y los fundamentos básicos de la administración.', 'omk4BcqVtJmIeA4pOysSEiQO2zByR47nvK87UcX0.jpg', 1, 2, 7),
(13, '2023-11-10 01:57:30', '2023-12-01 01:47:34', 'fundamentos de administración', 'méxico trillas', '1', '240', 2, '2023-11-09', 2, 'ISBN-9682439418', 'la presente obra expone los principios, las técnicas y los fundamentos de la administración.', 'F4a5zU1ZPs4Q17DFoJVzZlKjKcGiDHHN7GlPBj4g.jpg', 1, 2, 7),
(14, '2023-11-10 02:03:41', '2023-12-01 01:47:56', 'introducción a la administración', 'méxico grupo iberoamericana', '1', '515', 2, '2023-11-09', 1, 'ISBN-9687270756', 'aún sin antecedentes en la administración, es posible tener ideas sobre negocios emocionantes y originales.', 'RFmP56QNdOjlO0PxGeWve1zxquBMqlIktO5FLf7e.jpg', 1, 2, 7),
(15, '2023-11-10 02:07:42', '2023-12-01 01:48:17', 'formulación y evaluación de proyectos de inversión', 'méxico ecafsa', '1', '399', 2, '2023-11-09', 5, 'ISBN-9687681683', 'a principios de los setentas era poco común escuchar sobre proyectos de inversión, especial en el ámbito de la micro y pequeña empresa.', 'V0OzUTElr0m04FONm14ZjxxFwyTCs6BLDhXw9tSK.jpg', 1, 2, 7),
(16, '2023-11-10 02:12:26', '2023-12-01 01:48:38', 'el metodo silva para gerentes', 'méxico diana', '1', '243', 2, '2023-11-09', 1, 'ISBN-9681322002', 'a partir del incremento de la competitividad empresarial, muchos profesionales de la administración se vieron precisados a realizar sus métodos...', 'GWdWiXEBMAcyDkfydIsZ43NuAxAZSuLVyflBjpSI.jpg', 1, 2, 7),
(17, '2023-11-10 02:15:47', '2023-12-01 01:48:58', 'la carrera ', 'méxico castillo', '1', '183', 2, '2023-11-09', 1, 'ISBN-9686635327', 'la carrera habla sobre nuestro nivel de vida y cómo podemos mejorarlo.', 'M8UUBezDXB0RwERU25mOIiOSqfyu5xWITwuFzVWl.jpg', 1, 2, 7),
(18, '2023-11-10 02:19:26', '2023-11-10 02:19:26', 'compra y adminstración de materiales', 'méxico grupo noriega', '1', '618', 2, '2023-11-09', 2, '968-18-1799-0', 'esta obra refleja una nueva tendencia de la empresa moderna que consiste en poner bajo una sola dirección.', 'OgLcIdscBdsaM3dQ3UP3Cl9rLujiWTBfG61eb9C3.jpg', 1, 2, 7),
(19, '2023-11-10 02:24:51', '2023-12-01 01:49:24', 'adiminstración y estilos de gestión', 'méxico trillas', '1', '149', 2, '2023-11-09', 3, 'ISBN-9682473640', 'la obra comprende todo lo que el lector necesita saber acerca de la gestión administrativa.', 'eic7rhHjizUanhQDnHOAKOv5Xg5yM4RyhsiXQid6.jpg', 1, 2, 7),
(20, '2023-11-10 02:29:25', '2023-12-01 01:50:30', 'la empresa terapéutica', 'oxford university press', '1', '149', 2, '2023-11-09', 1, 'ISBN-9706135553', 'un puñado de organizaciones contemporaneas, cuyo número va en aumento han adoptado estructuras administrativas que son menos jerárquicas.', '4RArRwUcEKNqIeHahdFiSWpF6EtMcBYA2GIb8Wkt.jpg', 1, 2, 7),
(21, '2023-11-10 02:33:03', '2023-12-01 01:51:34', 'estrategia competitiva', 'méxico cecsa', '1', '407', 2, '2023-11-09', 1, 'ISBN-9682603498', 'toda empresa que compite en un sector industrial posee una estrategia competitiva, ya sea éxplecita o ímplicita.', '2AJ1cN3TGHcme7uBM1jr6uIPqWjOFDlbaqd55Aef.jpg', 1, 2, 7),
(22, '2023-11-10 02:36:08', '2023-12-01 01:51:55', 'ventaja competitiva', 'méxico cecsa', '1', '550', 2, '2023-11-09', 2, 'ISBN-9682607787', 'el éxito o fracaso de cualquier empresa depende de su ventaja competitiva. ', 'pLqh1xkYMdPVcvPuBvPdVQoX1d3nksYKCRqlonkr.jpg', 1, 2, 7),
(23, '2023-11-10 02:38:29', '2023-12-01 01:52:21', 'análisis moderno de la competitividad', 'oxford university press', '1', '495', 2, '2023-11-09', 1, 'ISBN-970613557X', 'el nivel de la presentación es fantástico.', 'zCJa3AWFTzF6DSAbqn1sZNxptgO48fswgauIzYlE.jpg', 1, 2, 7),
(24, '2023-11-10 02:43:12', '2023-12-01 01:53:20', 'economia y progreso tecnico', 'méxico fondo de cultura económica', '1', '295', 2, '2023-11-16', 1, 'ISBN-9681615182', 'el progreso técnico ha sido fuente de las más diversas opiniones..', 'c5ypIQzGqGZNvOE97HxKtKsDLcSDYzclUQRmkr49.jpg', 1, 2, 7),
(25, '2023-11-10 02:46:42', '2023-12-01 01:53:47', 'tecnología e innovación en la empresa', 'méxico alfaomega', '2', '341', 2, '2023-11-09', 8, 'ISBN-970150996X', 'la innovación tecnologíca en las empresas es ya un hecho incuestionable.', 'LbODxf6fDOuLv6dEom4WStR88xbPXW61P0Cuslx6.jpg', 1, 2, 7),
(26, '2023-11-10 02:53:24', '2023-11-25 09:52:22', 'la administración en el mantenimiento', 'méxico cecsa', '1', '175', 2, '2023-11-09', 1, 'ISBN-9682602726', 'desde la revolución industrial y, posteriormente, con los estudios hechos por f. w. taylor para poner en práctica sus ideas sobre la administración cientifica.', 'XqAepnIkC3PMb8whULQbqko2Ncg7ljv0cffa1lqj.jpg', 1, 2, 7),
(27, '2023-11-10 02:56:18', '2023-11-25 09:52:45', 'juego serio', 'oxford university press', '1', '240', 2, '2023-11-09', 3, 'ISBN-9706136185', 'es un libro que se necesitaba mucho y está escrito en una forma deliciosa.', 'odHtGKREkZEZhOMq41F7KccacKBomdAm4gy5lwa6.jpg', 1, 2, 7),
(28, '2023-11-10 03:00:48', '2023-11-25 09:53:06', 'guía para la formación y el desarrollo de su negocio', 'méxico nacional financiera ', '1', '204', 2, '2023-11-09', 2, 'ISBN-9686651411', 'en los negocios no todo es impuestos y créditos bancarios, hay algo más que es la búsqueda de cómo consolidar el esfuerzo de un trabajo.', 'MeIC5z4TS2Z3dsi26grsF2t9iEH7ygt0pUmb4bVK.jpg', 1, 2, 7),
(29, '2023-11-10 03:08:06', '2023-11-25 09:53:27', 'el método de la inovación creativa', 'méxico granica', '1', '198', 2, '2023-11-09', 3, 'ISBN-9789506416171', 'a diferencia de la imagen del inventor que se encierra dentro de un laboratorio hermético, cierra los ojos, intentando forzar el momento de la creación de la próxima idea revolicionaria.', '1ohdMk8vzKXfhHFriccq1Neu1vjfJrNoW38EsF4o.jpg', 1, 2, 7),
(31, '2023-11-10 03:17:34', '2023-11-25 10:00:26', 'cuando se enciende la chispa ', 'méxico oxford university press', '1', '222', 2, '2023-11-09', 3, 'ISBN-9706136177', 'finalmente un libro que disipa la idea de que la creatividad se limita a individuos poco comunes que trabajan aislados. ', 'dk5enbyuzXloRB5l80oMh4xubMmJ5hItMj9dRsDN.jpg', 1, 2, 7),
(32, '2023-11-10 03:21:31', '2023-11-25 10:00:54', 'crealo', 'méxico prontográfic', '1', '83', 2, '2023-11-09', 1, 'ISBN-9709156403', 'si lo que este libro encierra se pudiera cotizar es un hecho que seguro no podría nadie comprar.', 'ltlrtQdWA8TuCWHlr9RA8ctZ0K5jP6aDG00h0sEi.jpg', 1, 2, 7),
(33, '2023-11-10 03:37:51', '2023-11-10 03:37:51', 'como desarrollar la creatividad en la gerencia', 'méxico mc graw hill', '1', '219', 2, '2023-11-09', 3, 'Cambiar ISBN', 'la obra presenta la ingenieria de servicios como una filosfía y práctica para desarrollar e implementar la calidad en el servicio.', 'xdRlIucwHfpmh5lYTgCjmYk0kWPCv9TzKh4mcgLL.jpg', 1, 2, 7),
(34, '2023-11-10 03:41:38', '2023-11-25 10:01:47', 'la quinta disciplina', 'méxico granica', '1', '490', 2, '2023-11-09', 3, 'ISBN-9685015007', 'es el primer libro de management del siglo xxl, procursor del concepto de organizaciones inteligentes.', 'Swe4I1G9rEa28v150WpUpme6vyEZ8qilXEXaV4xJ.jpg', 1, 2, 7),
(35, '2023-11-10 03:44:49', '2023-11-25 10:02:19', 'auditoría adminstrativa con cuestionarios de trabajo ', 'méxico limusa', '1', '265', 2, '2023-11-09', 1, 'ISBN-9681816226', 'esta obra presenta los fundamentos de auditoría administrativa requeridos para evaluar la calidad de la gestión administrativa en una empresa.', 'Gxos3FKpylmYqlj1HGkiItLnoWPwwpYGETo0fl4t.jpg', 1, 2, 7),
(36, '2023-11-10 03:48:56', '2023-11-25 10:03:16', 'diagnosing the system', 'chichester wiley', '1', '152', 2, '2023-11-09', 2, 'ISBN-0471906751', 'this is a fresh and expanded edition of a book which has alredy become a management ´standard´.', '9Dy8cZiaZNzcDUwTnAv9tiqDHOAb7I4UseoYSuQN.jpg', 1, 2, 7),
(38, '2023-11-10 03:57:46', '2023-11-25 10:03:41', 'enchmarking', 'méxico panorama editorial', '1', '336', 2, '2023-11-09', 1, 'ISBN-9683803598', 'esta referencia innovadora es para gerentes medios en la industria (en las funciones de marketing, producción, administración y respaldo, finanzas y personal).', 'NcL4ZLdNizRKfRP8FnSW68M2ye6Ez9Y7B07IfNkS.jpg', 1, 2, 7),
(39, '2023-11-11 02:55:31', '2023-11-25 10:04:10', 'sobre el aprendizaje organizacional', 'méxico oxford university press', '2', '696', 2, '2023-11-10', 1, 'ISBN-9706135820', 'este libro es escencial para cualquiera que necesite comprender la forma en la que funcionan, evoluciona y aprende las organizaciones.', 'qzKyMy986r8OmXHUHsJxzjvQoo72FuGqdH4EYCkE.jpg', 1, 2, 7),
(40, '2023-11-11 02:59:12', '2023-11-25 10:04:39', 'comunicacion estratégica', 'méxico mc graw hill', '1', '239', 2, '2023-11-10', 3, 'ISBN-8448198883', 'las relaciones públicas, como ciencia social, debe sufrir revisiones y transformaciones, y adaptarse a las circunstancias actuales, la opinión pública parece siempre la misma pero no lo es, cambia el lenguaje, los valores, las actitudes.', 'rWqRbv0bwztc7nZ3368lAFNaT6k7uAWxQFYBy2wX.jpg', 1, 2, 7),
(41, '2023-11-11 03:02:37', '2023-11-25 10:05:10', 'nuevo kit de publicidad', 'méxico prentice hall', '1', '339', 2, '2023-11-10', 1, 'ISBN-9701700716', 'en línea con su aclamada obra the publicity kit, la experta en relaciones públicas jeanette smith le enseña en este librò cómo sacarle el mayor provecho a los avances tecnológicos de nuestros tiempos para darse a conocer en los diferentes medios comerciales. por supuesto; en este libro también se atienden las técnicas publicitarias que han producido éxito desde siempre, como los boletines, las con- ferencias y la documentación para la prensa; sin embargo, se da debida impor- tancia al aprovechamiento de las oportunidades que ofrecen la televisión por cable, los periódicos electrónicos, internet y otros medios masivos que vienen surgiendo en nuestros tiempos. así que esté atento para sacar partido a...\n\n• la información valiosa y actualizada que se presenta tanto en los medios de comunicación tradicionales y como en los que vienen apareciendo en nuestro entorno tecnológico. • las instrucciones detalladas sobre cómo servirse de las publicaciones elec-\n\ntrónicas para dar justamente con los mercados que su negocio necesita. consejos expertos de importantes profesionales de las relaciones públicas sobre cómo trabajar con los medios masivos, de información, cómo aplicar debidamente la tecnología para preparar un equipo de prensa pro-\n\nfesional, cómo realizar conferencias de prensa y... mucho, mucho más.\n\n\"es un diamante en las comunicaciones relacionadas con la mercadotecnia... en verdad, puede ser la diferencia entre el éxito y el fracaso.\" -raymond j. champney, de champney associates-\n\njeanette smith fue directora de corporate communications for com munique, una empresa de relaciones públicas internacionales con sede en dallas, texas. es toda una profesional en el ramo de las relaciones públicas, con una experiencia de más de 40 años en ese negocio.', '57R0fvkrMfg5g3VmYDXMkPAZLLga3Bq4hrTG05nf.jpg', 1, 2, 7),
(42, '2023-11-11 03:05:24', '2023-11-25 10:05:37', 'relaciones públicas', 'méxico thomson', '2', '259', 2, '2023-11-10', 1, 'ISBN-8497321553', '¿cómo afectan las relaciones públicas a la vida de la gente, a sus decisiones de compra, a lo que piensan y a cómo votan?\n\n• ¿cómo afectan las relaciones públicas a la reputación de una organización?\n\n¿por qué están creciendo las relaciones públicas en todos los ámbitos de nuestra vida, desde la escuela hasta el hospital, desde las empresas hasta el estado?\n\nrelaciones públicas: una introducción es el punto de partida ideal para cualquiera que quiera comprender cómo funcionan las relaciones públicas, y por qué. no se trata simplemente de una mera guía; este manual describe los marcos y evoluciones clave de la teoría y práctica de las relaciones públicas. con más de 30 ejemplos y casos de estudio de europa y estados unidos, shirley harrison establece la relación crucial entre teoría y práctica.\n\neste manual se centra en los principios subyacentes al éxito de la práctica de las relaciones públicas, lo que lo convierte en una herramienta esencial para los que quieren tener una buena base en este campo, incluyendo a los estudiantes que cursan estudios de relaciones públicas, periodismo y comunicación de masas, así como a los profesionales de este campo', 'lL8OqSArmCSXxr6AsGVo62qgIJyM3AAifuw26new.jpg', 1, 2, 7),
(43, '2023-11-11 03:08:22', '2023-11-25 10:06:12', 'el poder de la imagen pública', 'méxico debols!llo', '1', '269', 2, '2023-11-10', 1, 'ISBN-9707806966', 'lograr la preferencia de los clientes, los inversionistas, los jefes los colaboradores, los votantes o los fans requiere de un plan maestro de imagen pÚblica que asegure que usted será identificado como el mejor en su campo, ya sea como persona o como institución.\n\neste es un libro para el empresario que desea crecer, el político que busca gobernar, el ejecutivo que quiere ascender, el artista que anbela triunfar; un libro para todo aquel que necesite aprender la ciencia de la comunicación del nuevo milenio.\n\nel poder de la imagen pública revela:\n\ncomo transmitir mensajes positivos sin palabras.\n\ncomo ganar credibilidad.\n\ncomo integrar las diferentes imágenes que lo convertirán en un triunfador.\n\ncómo generar las estrategias para lograr una buena imagen pública.\n\nvÍctor gordoa, consultor en imagen pública de personajes, y grandes empresas, comparte con usted los secretos que cambiarán para siempre su forma de comunicarse, llevándolo de la mano por el nuevo mundo de la ingenierÍa en imagen pÚblica, de manera profunda, amena y fácil de entender.', 'SiecDy2DILiNdbWzCkzqorZbsL5Qc5xzsdUf2OMQ.jpg', 1, 2, 7),
(44, '2023-11-11 03:10:38', '2023-11-25 10:06:45', 'emprendedores sociales', 'méxico debate', '1', '163', 2, '2023-11-10', 2, 'ISBN-9786073112130', 'en los círculos de desarrollo se da por hecho que los emprendedores sociales representan un mecanismo mucho más efectivo para responder a las necesidades que tenemos como comunidad: una fuerza descentra- lizada y emergente que se mantiene como nuestra mejor esperanza para generar soluciones que caminan de la mano con nuestros problemas y así crear un mundo más pacífico.\n\nbornstein y davis explican qué son los emprendedores sociales, cómo funcionan sus organizaciones y qué retos tienen que enfrentar. el libro proveerá a los lectores con las herramientas necesarias para entender lo que diferencia el emprendimiento social de los modelos estándar de negocios y cómo se desmarca, además, de las grandes organizaciones no lucrativas. a diferencia del típico modelo vertical empleado por grandes instituciones para resolver problemas, los emprendedores sociales se valen de un proceso basado en un modelo aprendizaje-aprendizaje a través de un hacer-aprender codo a codo con las comunidades para ha- llar soluciones únicas y locales a problemas únicos y locales. más impor- tante aún: el libro les muestra a los lectores cómo pueden involucrarse en el proceso.\n\ncualquiera interesado en aprender más sobre las funciones esencia- les y el enorme potencial de este nuevo modelo de cambio social debe remitirse, inmediatamente, a emprendedores sociales.', '55orKJbZYpfhsT4lghzRUlYguI5qjiwPPZW0RWuv.jpg', 1, 2, 7),
(45, '2023-11-11 03:13:13', '2023-11-25 10:07:25', 'la empresa sin fronteras', 'méxico mc graw hill', '1', '274', 2, '2023-11-10', 4, 'ISBN-8476156782', 'los autores\n\nchristopher a. bartlett es profesor de administración de empresas en la harvard business school de boston, massachu- setts, ee. uu.\n\nsumantra ghoshal es profesor de política empresarial del euro- pean institute of business administration (insead) de fontaine bleau, francia.\n\nel libro\n\nen la empresa sin fronteras, bartlett y ghoshal, tras cinco años de investigación durante los cuales se entrevistaron con 236 directivos de algunas de las empresas líderes de eeuu, japón y europa, proponen una nueva forma de organización empresarial para afrontar con éxito el reto del siglo veintiuno: la solución trans- nacional, que supera los modelos ya tradicionales de multinacio- nal, internacional o incluso global. un libro especialmente dirigi- do a aquellos altos ejecutivos que reconocen la urgente necesi- dad de una nueva organización para las grandes empresas.\n\nla serie\n\nla serie mcgraw-hill de management se ha creado con el fin de satisfacer la demanda de información, en materia de em- presa, que ha generado la globalización de los mercados y la pre- paración de los diferentes países para el futuro mercado unico eu- ropeo. los libros que la compones ofrecen un enfoque eminen- temente práctico que, sin evitar los tecnicismos, hace su lectura amena y fácil. numerosos ejemplos reales ilustran estas obras. manteniendo vivo el interés del lector y convirtiéndolas en indis- pensables para el gerente de hoy y del mapana.', 'Wx6BVr1PzFIHB4CTKrS2cxpacOpcF4UtWi6qeBNt.jpg', 1, 2, 7),
(46, '2023-11-11 03:16:27', '2023-11-25 10:08:31', 'su compañía de manufactura', 'méxico mc graw hill', '1', '257', 2, '2023-11-10', 3, 'ISBN-9684515731', 'este es el único libro escrito especialmente para los inversionistas en empresas de producción. proporciona consejos prácticos sobre todos los campos que es necesario conocer. los sistemas detallados aqui pueden aplicarse directamente a su empresa. los resultados se reflejan en las utilidades.\n\ncon la lectura de este libro, usted podrá: seleccionar nuevos productos de alta rentabilidad\n\nhacer que su producto sea elaborado determinar las necesidades de materiales y control de inventarios y evitar faltantes comprender el proceso integral de manufactura desde el abastecimiento o fabricación de las partes hasta el ensamble del producto final= registrar y controlar el trabajo en proceso establecer las funciones de recepción, expedición y almacenamiento establecer procesos de control de calidad manejar las cuentas por cobrar y las cuentas por pagar iniciar un sistema de costos estándares para los inventarios comercializar el producto en el mercado nacional y en el internacional proporcionar al cliente en su propia empresa capacitación, instalación del producto y mantenimiento seleccionar representantes locales de ventas y servicio prepararse para adquirir una computadora crear un sistema de administración del efectivo y otros muchos aspectos', '0nwiJo0tzNqXqZIDt13OBWKI750MqzE1dz7lLHSk.jpg', 1, 2, 7),
(47, '2023-11-11 03:19:17', '2023-11-25 10:08:59', 'organización de empresas', 'méxico mc graw hill', '3', '501', 2, '2023-11-10', 3, 'ISBN-9789701069356', 'este es el único libro escrito especialmente para los inversionistas en empresas de producción. proporciona consejos prácticos sobre todos los campos que es necesario conocer. los sistemas detallados aqui pueden aplicarse directamente a su empresa. los resultados se reflejan en las utilidades.\n\ncon la lectura de este libro, usted podrá: seleccionar nuevos productos de alta rentabilidad\n\nhacer que su producto sea elaborado determinar las necesidades de materiales y control de inventarios y evitar faltantes comprender el proceso integral de manufactura desde el abastecimiento o fabricación de las partes hasta el ensamble del producto final= registrar y controlar el trabajo en proceso establecer las funciones de recepción, expedición y almacenamiento establecer procesos de control de calidad manejar las cuentas por cobrar y las cuentas por pagar iniciar un sistema de costos estándares para los inventarios comercializar el producto en el mercado nacional y en el internacional proporcionar al cliente en su propia empresa capacitación, instalación del producto y mantenimiento seleccionar representantes locales de ventas y servicio prepararse para adquirir una computadora crear un sistema de administración del efectivo y otros muchos aspectos\nel propósito de esta obra es servir como una confiable fuente de consulta a profesionales, académicos y estudiantes en materia de organización, particularmente en las técnicas que pueden ayudar a fortalecer y elevar su nivel de desempeño en cualquier organización.\n\nen esta tercera edición se revisaron y actualizaron cuidadosamente los contenidos para garantizar la vigencia de la obra. asimismo, se incluyeron nuevos temas para fortalecerla.\n\nentre las características más sobresalientes de la obra se cuentan:\n\n⚫ alineación de la estructura con la estrategia para crear valor y mejorar la posición competitiva de una organización.\n\nincorpora un análisis organizacional múltiple para interrelacionar la gestión estratégica con la estructura.\n\n⚫ uso inteligente de los manuales administrativos, cuya práctica está encaminada al aprovechamiento racional de los recursos.\n\ndesarrolla la capacidad para fortalecer la cadena de valor de una organización mediante el ejercicio puntual de la asistencia técnica y el servicio de consultoría', 'zEAlNYUYzqTLOzEJwme28NMkPP2xjJv38o7Z2hKt.jpg', 1, 2, 7),
(48, '2023-11-11 03:21:50', '2023-11-25 10:09:43', 'cómo crear su propia empresa', 'méxico alfaomega', '2', '159', 2, '2023-11-10', 3, 'ISBN-9701501063', 'amigo lector:\n\nsi ha decidido afrontar el apasionante reto de crear su propia empresa, en las páginas de este libro encontrará varios factores clave que pueden influir de manera determinante en el éxito o fracaso de su nueva empresa. a continuación se mencionan algunos de ellos; se ha preguntado:\n\n¿cómo concretar la idea de su negocio?\n\n¿qué va a ofrecer: un nuevo producto o servicio?\n\n¿cómo es el mercado al cual se va a dirigir, tipo de cliente, competencia, etc.?\n\n¿cómo fabricar el nuevo producto o cómo prestar el servicio? ¿cómo administrar los recursos humanos, materiales y\n\nfinancieros para lograr su objetivo?\n\ndeseamos que la lectura de este libro sea una valiosa ayuda para introducirlo con éxito al fascinante mundo empresarial.', '6ShW9K1UVuGM3wfaxfV7YAs07ugfqP4Sn7T7NmUQ.jpg', 1, 2, 7),
(49, '2023-11-11 03:24:29', '2023-11-25 10:10:21', 'responsabilidad social corporativa: teoría y práctica', 'méxico alfaomega', '2', '447', 2, '2023-11-10', 1, 'ISBN-9786077076841', 'durante los últimos años no hay publicación que no trate cuestiones de responsabilidad social corporativa (rsc), una materia muy relacionada con la denominada ética de los negocios. no hay duda: la rsc está de moda. la cuestión es saber si se trata de una moda pasajera o, como sería deseable. más bien de una tendencia, cada vez más consolidada y coherente.\n\nel consumidor y las empresas están cada vez más concienciados de sus respectivas responsabilidades sociales en calidad de stakeholders del proce so de producción, distribución y venta-consumo. la empresa debe obtener beneficios, pero no a cualquier costa y para ello tendrá que considerar el impacto inmediato y futuro de sus actuaciones. tendrá que considerar a otros. nuevos actores, distintos del tradicional triunvirato socios-accionistas-clien- tes. la forma en cómo lo hace y en qué campos de actuación es lo que hoy damos en llamar rsc.\n\nel tercer sector (economía social) y las ongs son organizaciones no lucrativas y solidarias que paulatinamente han ido cobrando importancia y presencia social. también tienen una responsabilidad ante la sociedad; d; y también las ongs colaboran y se relacionan con las empresas. ¿es incompati- ble esa relación? ¿de qué manera lo hacen?\n\neste libro sienta las bases teórico-prácticas de la rsc. aunque no suele ser habitual en los libros de esta materia, es importante que el lector cuente con una base teórica asequible sobre ética para introducirlo en conceptos que son esenciales a la rsc (responsabilidad, legilitimidad social, toma de decisio nes prudentes, libertad y voluntariedad...) y sin los cuales la rsc no sería más que pura cosmética al servicio de una moda más o menos pasajera. no es un manual de filosofia moral; pero tampoco creemos que sea coherente excluir\n\nradicalmente conceptos, ideas y valores morales que han sido la justificación y ¿qué es la teoría sin la práctica? la ética pasa por la coherencia; por el\n\norigen de este nuevo paradigma organizacional.\n\nequilibrio entre lo que digo y lo que hago. este libro incorpora las principales líneas acciones socialmente responsables, los sistemas de gestión internacio nales más aceptados y los ejes de intervención básicos: los derechos sociola- borales, los derechos humanos y el medio ambiente.\n\nel enfoque del libro es constructivo: creemos que el nuevo enfoque estratégico de rsc coadyuva a la mejora de nuestra sociedad globalizada y. por tanto, el libro incidirá no solamente en los errores y fraudes bajo la cortina de humo de la rsc sino también en las buenas prácticas, a menudo menos conocidas. en este sentido viene bien recordar a spinoza cuando calificaba la moral, que sólo incidia en las prohibiciones, errores y vicios como una \"ética de los tristes\". no es eso lo que pretendemos.\n\nfernando navarro garcía licenciado en derecho (valencia). miembro de la comisión de seguimiento del código Ética de la coordinadora española de ongds (congde). socio fundador de trípode proyectos. colaborador de la fundación etnor para la Ética en los negocios y las organizaciones (castellón): profesor en la universidad pública carlos iii (madrid) es autor de estrategias de marketing ferial y coautor de varios libros sobre ética en los negocios, marketing social y rsc', 'UnYsfjUiaD88hwYmka3mn5uQtT3LrPHxpJSazrTa.jpg', 1, 2, 7),
(50, '2023-11-11 03:26:35', '2023-11-25 22:26:27', 'administrar para la calidad', 'méxico limusa', '2', '297', 2, '2023-11-10', 25, 'ISBN-9681832477', 'el principal objetivo de esta obra, es proporcionar una visión general de una filosofía administrativa orientada al aumento de la productividad por medio de la calidad. el contenido se basa en la filosofía de la administración del dr. w. edwards deming, además de la experiencia que japon ha tenido en esta materia, expuesta por el dr. kaoru ishikawa así como de otros autores de prestigio mundial destacados en el área.\n', 'melY618hqy0RFLFcdaL9cNxI1PN9H25f9PcYOYqL.jpg', 1, 2, 7),
(51, '2023-11-11 03:28:10', '2023-11-25 10:32:15', 'la organización emprendedora', 'méxico limusa', '1', '167', 2, '2023-11-10', 3, 'ISBN-9789681854713', 'cuando cambia el entorno, cambia el compor- tamiento de la gente, cambian sus hábitos de consumo, cambia nuestra demanda y por tanto deben cambiar nuestros procesos para producir bienes y/o servicios, y si cambian nuestros procesos, debe cambiar la forma en la cual organizamos a la gente que lleva a cabo éstos. la organización emprendedora es una sencilla y dinámica obra para enseñarle cómo organizar una empresa para que cambie con base en su propia gente emprendedora (intrapreneurs).\n\nlas pequeñas empresas sueñan con ser grandes, y las grandes añoran cuando eran pequeñas. la organización emprendedora es la respuesta.', 'erLj6Pg3YmcBDiZqWueBWjl3yx7Z0Ee5W2uGuEk9.jpg', 1, 2, 7),
(52, '2023-11-11 03:30:46', '2023-11-25 10:31:41', 'cómo preparar un plan de negocios exitoso', 'méxico mc graw hill', '1', '377', 2, '2023-11-10', 3, 'ISBN-9789701062982', 'ya sea que quiera iniciar un negocio o desarrollarlo, comprarlo o venderlo, atraer. inversionistas u obtener un préstamo, poner a punto su operación o reestructurarla, intentar hacerlo sin un plan de negocios bien trabajado es como salir al mar sin un salvavidas. sin embargo, elaborar un plan de negocios es una tarea complicada y que requiere mucho tiempo, ¿correcto?\n\nya no. cómo preparar un plan de negocios exitoso de greg balanko-dickson lo arma con los conocimientos, la experiencia y las herramientas que necesita para elaborar su propio e infalible plan de negocios... ¡en un tiempo récord!\n\nbalanko es un experto que ha ayudado a cientos de propietarios de negocios a lo largo de tres continentes a crear planes ganadores, que le lleva a través de todo el proceso.', 'OBUgUiPZ7kyAiDicD4cmrAhnjyZubiE01M9J7p1s.jpg', 1, 2, 7),
(53, '2023-11-11 03:33:33', '2023-11-25 21:52:46', 'los emprendedores no nacen se hacen ', 'méxico mc graw hill', '1', '210', 2, '2023-11-10', 2, 'ISBN-9701013921', 'aprenda los secretos de 200 emprendedores exitosos\n\neste libro contiene los secretos de éxito de empresarios triunfadores.\n\n\"una guía que me hubiera gustado tener cuando comencé mi negocio allá en 1951\"\n\n-lillian vernon, fundadora y directora ejecutiva de lillian vernon corporation\n\n\"¡qué gran impulso para un espíritu emprendedor! después de leer este libro, quiene aun dudan, se sentirán motivados para hacer realidad su sueño.\"\n\n-jay pritzker, hoteles hyatt\n\n\"excelente libro, es imprescindible leerlo\".\n\n-peter j. shea, directivo, revista entrepeneur\n\n\"shefsky en verdad entiende a los emprendedores..es obligatorio que lo lea todo aquel qu desea ser un emprendedor, y en especial quienes financian, colaboran o estudian a lo emprendedores\".\n\n-don jacobs, dean, kellogg school of management, northwestern university', 'BiQyexJPVPh40yKh1loY7MslHosjwBD8eOoudjMb.jpg', 1, 2, 7),
(54, '2023-11-11 03:37:58', '2023-11-25 10:30:47', 'entrepreneurship emprendedores', 'méxico mc graw hill', '6', '541', 2, '2023-11-10', 1, 'ISBN-8448198395', 'jeff jacobs, el presidente de harpo, inc., posee el 10. por 100 de dicha empresa, manteniendo oprah el 90 por 100. de momento no está dispuesta a sacar a bolsa nin- guna de sus empresas.\n\nhabiendo salido de la pobreza, oprah es una de las mayores mecenas de nuestro tiempo. dona al menos el 10 por 100 de sus ingresos anuales a obras caritativas, y la mayoría de las veces realiza las donaciones de forma anó- nima. los principales intereses de oprah son las mujeres, los niños y la educación. ha creado la fundación oprah winfrey y un programa de becas que ofrece becas para la educación de mujeres, niños, familias y para estudiantes de estados unidos y del extranjero que quieren utilizar su educación para hacer algo por sus comunidades. el com- promiso de oprah llegó al punto de hacerla iniciar la promulgación de la ley nacional de protección de la in- fancia en 1991 testificando ante el comité judicial del senado de estados unidos para crear una base de datos nacional con los nombres de los condenados por abuso de menores. gracias a esta iniciativa, el presidente clinton firmó en 1993 la ley nacional conocida como la «oprah bill» (el decreto oprah).', 'jQCyTYinaOTrs3f27tYyJuG53JyKf5mpvqxXIyGA.jpg', 1, 2, 7),
(55, '2023-11-11 03:40:26', '2023-11-25 10:30:15', 'emprendedor \"crear su propia empresa\"', 'méxico alfaomega', '1', '208', 2, '2023-11-10', 4, 'ISBN-9789701513996', 'este libro despierta la actitud emprendedora de los estudiantes y profesionales que pretenden incursionar al mercado empresarial. presenta diferentes alternativas de observación de la realidad para concebir un proyecto, partiendo desde la idea hasta el plan de negocios.\n\nel emprendedor no es un simple dependiente del trabajo, sino que define y busca el capital y ofrece su propio trabajo para orientar la acción de otros en pos de resultados. es un identificador de mercados y desarrollador de oportunidades; no es un optimizador de recursos sino su inventor.\n\nel emprendedor es alguien que empieza a percibir que hay algo para hacer que todavía no existe... y lo hace, usando para ello la \"empresa\", la \"organización\", definida como un proyecto que se pone en ejecución. los grandes cambios económicos, sociales y políticos ocurridos en la sociedad han tenido\n\ncomponentes de cultura empresarial, que han propiciado la aparición de líderes emprendedores.\n\nprimera parte: tiene como fin estimular el talante emprendedor, a partir del reconocimiento de diferentes características humanas.\n\nsegunda parte: presenta diferentes perspectivas de proyectos y así identificar oportunidades de negocios.\n\ntercera parte: trazarle un mapa de ruta al emprendedor para que conozca los retos que debe enfrentar como administrador. se trata de unas nociones básicas sobre aquellos temas que son puntuales para el negocio,\n\ncuarta parte: genera preguntas que permiten formular un nuevo proyecto y elaborar un plan de negocios.\n\nigualmente, está acompañado de una página web en la cual está desarrollado un software para\n\nimplementar un plan de negocios. adicionalmente la página cuenta con vinculos y ayudas adicionales relacionadas con el tema.', 'Hs3T6qoH4L9Ou1h5DOQzYr6w13eT2bEld6tvyxaP.jpg', 1, 2, 7),
(56, '2023-11-11 03:43:30', '2023-11-25 10:29:49', 'fundamentos de coordinación administrativa', 'méxico limusa', '1', '616', 2, '2023-11-10', 1, 'ISBN-9681800990', 'la obra trata con un enfoque sociológico y novedoso la administración y las funciones y procesos de coordinación, a la vez que enfatiza la aplicación de las ciencias del comportamiento en la administración. la exposición es clara y se aborda todo el proceso administrativo en función de la coordinación.\n\npresenta los puntos de vista más modernos del comportamiento humano en las organizaciones y también una perspectiva integral de las técnicas administrativas, considerando especialmente la importancia de la coordinación en la administración.\n\ndebido a sus características y lo amplio de su material, es un buen libro de texto para el curso de administración que se imparte en la carrera de administración de empresas. también es de gran utilidad para gerentes de nivel medio y ejecutivos.', 'aVCNZHWC1p2GQa0X2XuipiMWCcaXr7tUTf1qciTd.jpg', 1, 2, 7),
(57, '2023-11-11 03:48:27', '2023-11-11 03:48:27', 'decisiones administrativas con objetivos múltiples', 'mexico limusa', '1', '476', 2, '2023-11-10', 1, 'Cambiar ISBN2', 'gran parte de las decisiones que toman los individuos, las familias, los grupos, las agencias gubernamentales, las organizaciones lucrativas y las no lucrativas, afectarán profundamente la vida cotidiana de muchos ciudadanos, grupos interesados, firmas comerciales y otras entidades. naturalmente, la extensión e intensidad del impacto puede ser insignifi- cante si las decisiones son sobre asuntos triviales pero, si no, su influencia sobre otros puede variar desde lo considerable hasta lo opresivo, desde lo benéfico hasta lo dañino o desde lo temporal hasta lo permanente.\n\ncasi todas las personas moderadamente activas en la sociedad actual desempeñan papeles tanto individuales como colectivos. estas decisio- nes de los activistas suelen tener efectos de largo alcance debido a los variados papeles que desempeñan y, en cada papel, por el gran número de personas e intereses que están sujetos a su influencia.\n\ncomo un ejemplo extremista, pero no raro, del hombre influyente, se reconocerá al señor gordon roberts (ver sección 1-1). el señor roberts', 'nmcY08p6Hfxu7ZPPlhr8r5JSF2VvDnwXjX74id2K.jpg', 1, 2, 7),
(58, '2023-11-11 03:50:45', '2023-11-25 10:28:45', 'los nueve pasos de la direccion estrategica', 'méxico panorama editorial', '1', '215', 2, '2023-11-10', 2, 'ISBN-968380246X', 'este libro es la historia de una persona... usted. póngase e los zapatos de joe clancy, el empresario ficticio de este libre siguiendo el ejemplo claro y funcional de joe, usted descubr rá la forma en que opera la administración estratégica. un con junto de nueve pasos le ayudarán a desarrollar una visión sistemática acerca de la administración estratégica. permita que este libro le sirva de guía para crear el futuro que anhela para usted, su familia y su empresa.\n\nrick molz, ph. d. en administración estratégica, es profesor asistente de administación en la clarkson university de pots- dam, nueva york: reside en burlington, vermont, donde traba- a como consultor independiente, ofrece seminarios de administración estratégica y escribe.', 'THIoLzGizwwEU1Su6NA6zjWmrd1GyhsDgUNf84Qf.jpg', 1, 2, 7),
(59, '2023-11-11 03:53:09', '2023-11-25 10:27:55', 'mexico 2010 de la industrialización tardía a la reestructuración industrial', 'méxico diana', '1', '399', 2, '2023-11-10', 3, 'ISBN-9681318927', 'se ha dicho que la crisis tiene lugar cuan- do lo viejo muere y lo nuevo no puede na- cer. en méxico, la crisis de los años ochen- ta es más profunda porque lo viejo no ha acabado de morir y lo nuevo está por na- cer. lo alentador es que lo que está en cri- sis es el modelo de desarrollo económico y político y no el sistema. méxico no en vano realizó la primera revolución social del si- glo xx y las lecciones de la historia están ahí en la memoria de los mexicanos. el re- to es incorporarnos a la tercera revolu- ción tecnológica industrial del siglo xxi, recogiendo lo más valioso del pasado y del presente, pero realizando los profundos cambios estructurales que requiere la re- estructuración industrial y el proyecto de modernización integral de méxico.', 'ywlVp4P5iZIfLKfi0t6aWHmNeHb52Y1RyH2T166O.jpg', 1, 2, 7),
(60, '2023-11-11 03:55:34', '2023-11-25 10:22:31', 'la escencia de la administración de pequeñas empresas', 'méxico prentice hall', '1', '196', 2, '2023-11-10', 2, 'ISBN-9688807281', 'administraciÓn de pequeÑas empresas explica en forma clara y concis respuestas a esas preguntas... y a muchas más.\n\nadministraciÓn de pequeÑas empresas es un libro de consulta ideal pa administradores que asisten a seminarios de administración, para estudiantes de maestrías y para quienes desean llegar con rapidez al fondo del tema; también e valioso para administradores con aspiraciones, deseosos de aumentar sus conocimientos y mejorar sus capacidades.\n\ncolin barrow es jefe del grupo empresarial de la facultad de administración de cranfield.', 'FzvkSct4bvWD9KMqWGaL1sUAYo3L8w9qrwduu72F.jpg', 1, 2, 7),
(61, '2023-11-11 03:57:29', '2023-11-25 10:22:01', 'los primeros pasos al mundo empresarial', 'méxico limusa', '1', '362', 2, '2023-11-10', 2, 'ISBN-9681833244', 'el trabajo realizado por el autor, está enfocado a todos aquellos profesionales que deseen trabajar en la creación de su propia empresa,permitiendo de esta manera ampliar su conocimiento; desde cómo gestar una idea-empresa hasta cómo implantar la misma.la lectura del libro es guiada desde el inicio bajo una metodología\n\nsencilla y segura, asegurando así un mejor resultado en la realización delos proyectos, con menor grado de incertidumbre. además, el contenidodel libro da las pautas para obtener un desarrollo personal; como el dellegar a ser una persona que logre sus fines planteados, o sea una persona de éxito.', 'BAkOHW5ecQCQ5OXsF3zNGsFNLRhXu0RSUA6xSlc2.jpg', 1, 2, 7),
(62, '2023-11-11 03:59:06', '2023-11-25 10:20:07', 'cómo conducir juntas', 'mexico limusa', '1', '113', 2, '2023-11-10', 2, 'ISBN-9681816196', 'este es el primer libro especializado que aparece en méxicosobre el tema de cómo conducir juntas, materia de particularimportancia y utilidad, no sólo en el mundo de los negociossino en cualquier ámbito de la actividad humana.conduciendo semi\n\ncomo fruto de una larga experiencianarios de dirección de juntas para ejecutivos, el autor ha formulado una guía completa y práctica, basada en experienciasreales, y llena de recomendaciones específicas para conduciruna junta y lograr que sea ágil y efectiva.\n\nsi usted jamás ha dirigido una junta pero quiere prepararse para ello, o si con frecuencia lo hace pero con resultadosfrustrantes, este libro le mostrará una sorprendente variedadde técnicas, secretos y recursos para planear adecuadamenteuna junta y para conducirla hábilmente, sorteando los peligros que representan los grupos hostiles o apáticos, o losparticipantes locuaces, negativos, dispersos y de toda indoleque aşiste a juntas.\n\nel libro sigue un esquema claro y lógico. en los primeroscapítulos se analiza la naturaleza de las juntas, su composición y su proceso interno. en seguida, toda la atención se centra en proponer eficaces recomendaciones para dirigir juntasy para manejar con habilidad los multiples problemas quepueden derivarse de la reacción de los participantes.\n\npara terminar, se señalan específicamente las habilidadesque debe desarrollar quien quiera dirigir juntas de manera ágily efectiva.\n\nen resumen, èste es un libro de gran utilidad no sólo parael ejecutivo, el empresario, el profesional y el hombre de negocios, sino hasta para la madre de familia que en ocasiones asiste a juntas escólares.', 'N7NI45cv1Oz8PmjMU7vV83Q2iW1Zk4t9Rbd0bNP5.jpg', 1, 2, 7),
(63, '2023-11-11 04:01:23', '2023-11-25 10:19:40', 'la esencia de las fusiones y adquisiciones', 'méxico prentice hall', '1', '302', 2, '2023-11-10', 11, 'ISBN-9688806498', 'fusiones y adquisiciones explica en forma clara y concisa las respuestas aesas preguntas... y a muchas más.\n\nfusiones y adquisiciones es un libro de consulta ideal para administradoresque asisten a seminarios de administración, para estudiantes de maestrías y paraquienes desean llegar con rapidez al fondo del tema; también es valioso paraadministradores con aspiraciones, deseosos de aumentar sus conocimientosmejorar sus capacidades.\n\np. s. sudarsanam ostenta títulos universitarios ingleses de bsc, msc, phd y acib;es conferencista titular en los temas de contabilidad y finanzas de la facultad deadministración de la city university, londres.', 'BlAbRUpFsr18X26Pkao0CrzXrQ060Q9UUzjS3JHb.jpg', 1, 2, 7),
(64, '2023-11-11 04:09:06', '2023-11-25 10:19:11', 'la esencia de los negocios internacionales', 'méxico prentice hall', '1', '230', 2, '2023-11-10', 1, 'ISBN-0132880776', 'negocios internacionales explica en forma clara y concisa las respuestas aesas preguntas... y a muchas más.\n\nnegocios internacionales es un libro de consulta ideal para administradores\n\nque asisten a seminarios de administración, para estudiantes de maestrías y paraquienes desean llegar con rapidez al fondo del tema; también es valioso paraadministradores con aspiraciones, deseosos de aumentar sus conocimientos ymejorar sus capacidades.\n\njames taggart es conferencista y michael c. mcdermontt es conferencista ysubdirector de la unidad strathclyde de negocios internacionales de la universidadde strathclyde', 'PtrpBzxbLSI2p68gECrjUR3NglrTMIucZyNmidcB.jpg', 1, 2, 7),
(65, '2023-11-11 04:11:58', '2023-11-25 10:18:37', 'industria,estado y política en méxico ', 'méxico grijalbo', '1', '326', 2, '2023-11-10', 5, 'ISBN-970050011X', 'el proceso de industrialización en méxico es uno de los más complejos y originales de américa latina. tal afirmación se abre paso a lo largo de la espléndida investigación hecha por el profesor dalestory, sin duda una de las versiones más consistentes documentadas del crecimiento industrial mexicano posterior a la segunda guerra mundial. story analiza aquí los rasgos y la estrategia de un proceso industrial tardío y dependiente.', 'Wycby0oGg4FwRtuPmtZdFuyZ1VVNCG6mqDTIoVx1.jpg', 1, 2, 7),
(66, '2023-11-11 04:14:54', '2023-11-25 10:17:50', 'administración de la capacitación', 'méxico mc graw hill', '1', '122', 2, '2023-11-10', 3, 'ISBN-9684227817', 'serie: capacitaciÓn efectiva\n\ndirigida a ejecutivos de capacitación y a conductores decursos y seminarios. ofrece los últimos adelantos de lasciencias humanas al servicio de organizaciones y del desarrollo de los individuos y de las instituciones.\n\nformación de instructores\n\nadministración de la capacitación\n\nlos valores clave de la excelencia educacional y\n\nnegocio\n\nla capacitación como psicoterapia\n\n-higiene mental, individual y organizacional\n\ndesarrollo de la comunidad: principios y técnicas\n\npsicología del mexicano en el trabajo\n\nÉtica profesional: una fuerza ño un lastre\n\ncómo desarrollar habilidades administrativas y\n\nproductivas', 'CiF5dSkSIyqZ2wyPEmMl5agf3BWr0TiyjNgzUaJX.jpg', 1, 2, 7),
(67, '2023-11-11 04:17:22', '2023-11-25 10:17:23', 'salarios estrategia y sistema salarial o de compensaciones', 'méxico, mc graw hill', '1', '420', 2, '2023-11-10', 1, 'ISBN-9584100092', 'este libro brinda al lector los conceptos, técnicas y herramientas para establecer un sistemasalarial o de compensaciones en el cual el rubro \"remumeración\" se convierte en unaauténtica inversión, encaminada a mejorar la productividad empresarjal bajo los conceptosde consistencia o equidad interna y competitividad externa, guiados por la misión, estrategiay objetivos organizacionales.', '2UJH2Bo11d1Ib2cR6XQHf5YigfFJzThHanESbPnz.jpg', 1, 2, 7),
(68, '2023-11-11 04:19:36', '2023-11-25 10:15:32', 'la inspección del trabajo', 'méxico alfaomega', '1', '102', 2, '2023-11-10', 2, 'ISBN-9686223312', 'esta obra expone en forma clara los fundamentos de lainspección del trabajo, enfatizando su funcion deprotección a los trabajadores.\n\nasimismo, enfoca las similitudes entre los sistemas deinspeccion aplicados en diversos paises y cada capitulopropone temas para que el lector pueda vincular la teoríacon los problemas laborales cotidianos.\n\nen una época de profundas transformaciones_tecnológicas, lainspección del trabajo induce areflexionar sobre las funciones de los servicios deinspección y su mejoramiento', 'XcNwNVrpEzVVK4okEAMZjQ5dTFhtkM9wxKmIkjME.jpg', 1, 2, 7),
(69, '2023-11-11 04:22:15', '2023-11-25 10:15:08', 'outsourcing la subcontratación', 'méxico limusa', '1', '231', 2, '2023-11-10', 1, 'ISBN-9789681860578', 'el término outsourcing se utiliza para describir un fenómenoque se está extendiendo a toda la industria. posiblementees parte de un movimiento más amplio de la sociedad parala conformaclón de un mundo más productivo y menosderrochador.fe\n\nferry de kraker, director general de la internationalderation of purchasing and materials management, proporcionó a los autores la siguiente definición: \"outsourcingsignifica realmente encontrar nuevos proveedores y nuevasformas de asegurar la entrega de materias primas, artículos,componentes y servicios. significa utilizar el conocimiento,la experiencia y la creatividad de nuevos proveedores a losque anteriormente no se recurría.\"\n\nel outsourcing es en realidad la subcontratación deservicios y productos en una alianza tal con los proveedoreselegidos, que éstos prácticamente se convierten en unaextensión de los negocios de la organización, pero siguenocupándose de su propia administración.', 'CtPrKpwGNTes4X2sFTGEesg0Xoq6upiyYnG4zkIX.jpg', 1, 2, 7);
INSERT INTO `libros` (`id`, `created_at`, `updated_at`, `titulo`, `edicion`, `tomo`, `paginas`, `categoria_id`, `fecha`, `cantidad`, `isbn`, `descripcion`, `imagen`, `publicado`, `user_id`, `estante_id`) VALUES
(70, '2023-11-11 04:24:41', '2023-11-25 10:14:39', 'la empresa pública: desde fuera, desde dentro', 'méxico limusa', '1', '156', 2, '2023-11-10', 2, 'ISBN-9681822366', 'la mpresa publica: desde fuela, desde dentro es un libro original queintroduce una serie de planteamigntos novedosos y sugerentes respecto a untema de gran actualidad -la participación del estado en, la economía quelpor mucho tiempo ha sido motivo de polémica en los diferentes foros economicos ý politicos del país.', 'nR0FsNmc65Pvl7txBirAibYg8GwCFlczCH6FFZOl.jpg', 1, 2, 7),
(71, '2023-11-11 04:27:02', '2023-11-25 10:13:47', 'holding compañías tenedoras, subsidiarias y asociadas', 'méxico limusa', '1', '243', 2, '2023-11-10', 2, 'ISBN-9681813324', 'el desarrollo y crecimiento económico acelerado de nuestro país ha originado la formación de grupos empresariales. estos grupos buscan, por razonesfinancieras, administrativas o fiscales, la integración vertical u horizontal desus actividades.', 'wpfMcTLgxfAlwrlBUILeJwCJVpmkYOdA8dwRQBl3.jpg', 1, 2, 7),
(72, '2023-11-11 04:32:34', '2023-11-25 10:12:58', 'marketing global', 'méxico prentice hall', '5', '532', 2, '2023-11-10', 4, 'ISBN-8489660182', 'i marketing es una disciplina universal aunque su practicacambia de pais en pais, ya que cada individuo es unico ycada pais es unico. en cada caso los clientes, competidorescanales de distribución y publicidad son diferentes.', 'aNvUQARp5EZszk74pvlE1aSk5zxN8UwYN5AJrX5x.jpg', 1, 2, 7),
(73, '2023-11-11 04:35:29', '2023-11-25 10:12:30', 'marketing interncacional', 'méxico mc graw hill', '1', '819', 2, '2023-11-10', 3, 'ISBN-970101118X', 'presentamos al mundo de habla bispana la cuarta edición de marketing internacionalcon el objetivo de satisfacer la necesidad de conocimiento obre este apasionante tema que tienenestudiantes, catedráticos y profesionales.\n\nel texto va más allá de lo presentación de las estrateguis de empresas multinacionalesya que bace énfasis en las actividades de pequeños y medianos negocios. describe un panorama.', 'uwGOWePVAmQQYbP9gHf3LqTXL86heq2KLOX7fgqw.jpg', 1, 2, 7),
(74, '2023-11-11 04:37:59', '2023-11-29 22:22:37', 'introducción a los negocios enfoque mexicano', 'méxico mc graw hill', '1', '1', 2, '2023-11-10', 2, 'ISBN-9701012011', 'en introducción a los negocios, enfoque mexicano,los estudiantes no sólo leen acerca de los negocios,sino que experimentan en cada capítulo a través de unagran variedad de actividades. la obra ha sido adaptadaal ámbito nacional, conservando la riqueza en recursosdidácticos que posee. se ofrecen aplicaciones, datos ycifras de la realidad mexicana para un mejor entendimiento de las actividades de negocios a nivelinternacional.', 'RhCxsTFqMo8Is03vSGKGb6fCsE7qFmcDTWXgoubK.jpg', 1, 2, 7),
(75, '2023-11-11 04:41:05', '2023-11-25 10:11:37', 'fundamentos de mercadotecnia internacional', 'méxico prentice hall', '1', '421', 2, '2023-11-10', 1, 'ISBN-9701701380', 'fundamentos de mercadotecnia internacional de keegan y green es el primer libro que ilustra de manera efectiva el ambiente de la mercadotecnia mundial como la disciplina dinamica y emocionante que en realidad es. enter ese de lo que las\n\nautoridades empresariales de todo el mundo opinan sobre este fascinante libro.', 'GGSoTHQxC8lTpyzwQNQFdHKOesrcFx4wH8T8sVwm.jpg', 1, 2, 7),
(76, '2023-11-11 04:45:33', '2023-11-25 10:11:14', 'marketing internacional teoría y 50 casos', 'méxico cengage learning', '1', '483', 2, '2023-11-10', 1, 'ISBN-9706868429', 'en esta obra se analliza el marketing internacionai desceuna perspectiva global. se ofrece un análisis de las operaciones de las empresas multinacionales, de las emoresaspequenas y medianas, y como las corporaciones se esiánajustando a las realidades contemporaneas del mercado.', 'SS9EYGCDAyjiMcsDu5Eg2gkI5sJW7I5jxD5mbZOD.jpg', 1, 2, 7),
(77, '2023-11-11 04:48:10', '2023-11-25 09:08:34', 'marketing internacional', 'méxico cengage learning', '8', '646', 2, '2023-11-10', 1, 'ISBN-9706868265', 'la octava edición de marketing internacional de michael r. czinkota e ilkka a. ronkainen presenta mportantes revisiones, al tiempo que se mantienen las metas que a lo largo de su exitosa trayectoria le han careegrizado,hasta llevarlo a ser el libro lider del mercado en esta materia.\n\nentre las principales caracteristicas de la obra destacan las siguientes:\n\nenfasis en investigacion y casos\n\nse otrece información actualizada proveniente de todo el mundo y vinculos a los sitios web de las empresas.fuentes de datos y organizaciones gubernamentales e internacionales. después de cada parte del libro se incorporan varios casos, los cuales presentan situaciones de negocios reales, abordan las actividades de empresasmodernas y abarcan un amplio espectro geografico.', 'oS3eI6oV2tvauGXrY2og35gvMlZI9ZWmeWjbuMA5.jpg', 1, 2, 7),
(78, '2023-11-11 04:50:41', '2023-11-25 09:09:34', 'la esencia de la mercadotecnia internacional', 'méxico prentice hall', '1', '164', 2, '2023-11-10', 11, 'ISBN-9688807788', 'mercadotecnia internacional explica en forma clara y concisa lasrespuestas a esas preguntas... y a muchas más.\n\nmercadotecnia internacional es un libro de consulta ideal paraadministradores que asisten a seminarios de administración, para estudiantes demaestrias y para quienes desean llegar con rapidez al fondo del tema; también esvalioso para administradores con aspiraciones, deseosos de aumentar susconocimientos y mejorar sus capacidades.stan\n\npaliwoda es catedrático y jefe de materia de mercadotecnia en la universidadde calgary, alberta, canadá.', 'UNbAlOsY8ECjSDiVm5E1yKjEPfnZWCgY9wHxUxNK.jpg', 1, 2, 7),
(79, '2023-11-11 04:53:30', '2023-11-25 09:10:07', 'manual del exportador ', 'méxico mc graw hill', '1', '336', 2, '2023-11-10', 2, 'ISBN-9701013344', 'con una secuencia práctica, didáctica y sencilla, con un lenguaje sinrodeos, minervini muestra caminos, rutas, fórmulas, instrumentos,sobre como llegar y permanecer en el mercado internacional.\n\nel protagonista de todo el libro es su empresa, técnicos, ejecutivos.minervini muestra cómo con un planteamiento gradual y con muchadidáctica, podrá diseñar su proyecto de exportación. las listas de verificación y las autoevaluaciones son instrumentos muy valiosos para lagerencia de la internacionalización.', 'n6NlTrqKvKI5GUteaIxVFpvBuerpPq24Nj2BenkH.jpg', 1, 2, 7),
(80, '2023-11-11 04:57:48', '2023-11-25 09:10:45', 'globalización: crítica a un paradigma', 'méxico plaza pj janés', '1', '365', 2, '2023-11-10', 3, 'ISBN-9681103572', 'muchos observadores del acon ecer económicu los ceja perplejosla velocidad y las proporciones que ha adquirido la globalización delas corporaciones europeas, norteamericanas y japonesas. el modeloen boga difundido por todos los medios para analizar o avanzarsupuestas explicaciones de lo que no es más que expresión de lainternacionalización económica propia del desarrollo capitalistaes una perspectiva de la globalización derivada de la sociologia delconocimiento, calificada por algunos estudiosos como la versión \"dura\"del globalismo.', 'uXoBAF76n6hLMf2vwKBnyHswke2tvVUYiCtC6JkD.jpg', 1, 2, 7),
(81, '2023-11-11 05:00:17', '2023-11-25 09:11:25', 'méxico y el tratado trilateral de libre comercio', 'méxico mc graw hill', '1', '383', 2, '2023-11-10', 2, 'ISBN-9701001915', 'las relaciones económicas en el mundo en los próximos años serandefinidas por tres patrones de conducta, a saber: globalizacionregionalizacion y competitividad.\n\nen esta obra los autores abordan el tema desde la perspectiva de los dosuitimos patrones para el mercado de américa del norte. mediante unanalisis actualizado y propositivo sobre el impacto en sectores especificosde un mercado regional derivado de un tratado trilateral de libre comercioentre canadá, estados unidos y mexico, se destacan los puntos masimportantes de cada sector (automotriz, petroquimico, siderurgico,asegurador, bancos y casas de bolsa, telecomunicaciones y transporte decarga) respecto a su situación domestica y las consecuencias de unaregionalización mediante un tratado de libre comercio', 'goOCWvb43pZv3joO09ahj5fmLfdnWF4PGLuZ7d9m.jpg', 1, 2, 7),
(82, '2023-11-11 05:03:51', '2023-11-25 09:12:01', 'hacia una comunicación administrativa integral', 'méxico trillas', '1', '354', 2, '2023-11-10', 4, 'ISBN-9682402646', 'esta obra ha sido preparada dentro de un marco conceptual deenseñanza modular, uno de cuyos objetivos primordiales esdesarrollar habilidades y capacidades específicas para resolverproblemas concretos que surgen en la práctica.la meta de los autores es eminentemente de iniciaciónes decir, tratan de ubicar al sujeto en un marco auténtico yreal para sensibilizarlo y prepararlo a tin de que pueda adentrarse\n\nen el estudio de areas interdisciplinarias. ya que elconocimiento del fenomeno de la comunicacion constituye en suna tarea que coniuga varias ramas del saber humano.', '3OxUwbVuP1kdvuUjHVyWePTGCEEMNBnggABKroOg.jpg', 1, 2, 7),
(83, '2023-11-11 05:07:10', '2023-11-25 09:13:08', 'glosario de marketing y negocios ', 'méxico mc graw hill', '1', '211', 2, '2023-11-10', 2, 'ISBN-9701002830', 'opiniones sobre este libro:\n\nes una excelente guia para quienes trabajamos en el area de mercadoreon\n\nlic. leopoido garza adame, vicepresidente ejecutivo de leo bumett. mexico\n\n* esta obra la acogemos con gran beneplácito todos los profesionales de lamercadotecnia contemporanea, quienes desde ahora contaremos con uninstrumento valioso para el logro de la eficiencia en el desempeño de nuestras\n\nfunciones\".\n\ncp josé de jesús vázquez bonilla, director de la escuela superior de comercio y administración, instituto politécnico nacional.\n\neste nuevo libro es una valiosa ayuda para los estudiantes de mercadotecniainteresados en el aprendizaje de la terminologia anglosajona que se aplica en el\n\nmercado hispanoamericano\".', 'Aoi7ulWTTpDVE1RWcgTPlSoqmv4mFxniHypR7xnD.jpg', 1, 2, 7),
(84, '2023-11-11 05:09:15', '2023-11-25 09:14:59', 'comercio internacional 1', 'méxico limusa', '1', '306', 2, '2023-11-10', 13, 'ISBN-9681860586', 'tanto el importador como el exportador, requiere conocerlos procedimientos técnicos necesarios para lograr ventasy compras favorables, esta información la encontraránen las paginas de la más completa guía de negociossobre comercio exterior: comercio internacional i, queaborda los temas más relevantes de una de las másimportantes ramas de la economía nacional.', 'zBZjOkYiXzlkqLYxoquhM79wMq8xBkPkK7q7Rl1i.jpg', 1, 2, 7),
(85, '2023-11-11 05:11:40', '2023-11-25 09:14:42', 'comercio internacional ii', 'méxico limusa', '2', '406', 2, '2023-11-10', 2, 'ISBN-968185392X', 'el objetivo de lograr esta tercera edición de la obra, responde a la necesidad de contar con un texto práctico y acttalizado en materia de comercio internacional, que intormeampliamente tanto al estudiante de comercio exterior comoal empresario que desea colocar sus productos en losmercados internacionales, sobre los pasos, normas y procedimientos legales que regulan la importación y exportación.\n\nen la obra se han incluido temas de gran importancia,como es todo lo relacionado al tratado de libre comercioy las técnicas de negocios más eticientes para lacomercialización de sus productos en el extranjero.', 'yrWR27Ek7hOqBdzu7Xq568QiI2CycXqDyJ85rsVS.jpg', 1, 2, 7),
(86, '2023-11-14 01:45:32', '2023-11-25 09:17:06', 'investigación de mercados', 'méxico limusa wiley', '4', '776', 2, '2023-11-13', 6, 'ISBN-9789681859091', 'qué es una mala investigación de mercados? ¿cuáles son las altern le investigación? ¿cómo interpretar y aplicar los resultados?\n\nestas son tan sólo unas cuantas de las preguntas a las que responde e clásico! primero, los autores muestran en dónde encaja la investigaci mercados dentro de la organización, y cómo apoya la toma de decisio detallan cada elemento del proceso en una forma que contribuye a de fuertes habilidades para la toma de decisiones. finalmente, ponen de forma de aplicar con éxito la investigación de mercados en los negoci hoy. a lo largo del texto se presentan ejemplos claros y actuales, así c aplicaciones e ilustraciones que enfocan el material de manera sobresa.', 'rwW0UTkGG7M9f1AcRJPtkqI4l7dgoJ9JJ0wGQNwT.jpg', 1, 2, 7),
(87, '2023-11-14 01:50:33', '2023-11-25 09:17:33', 'investigación de mercados', 'méxico mc graw hill', '5', '874', 2, '2023-11-13', 4, 'ISBN-9789586007825', 'en uno de los más grandes contratos promocionales entre una red de televisión y un anunciante, la nbc y kellogg\'s, utilizaron la investigación de mercados para combinar los cereales con los personajes y los programas con mayor probabilidad de compartir una misma audiencia objetivo.', 'wUK0jH0kyyZYNMJcFvxhOEhPHxTIJb2I0XRVHeGG.jpg', 1, 2, 7),
(88, '2023-11-14 01:53:14', '2023-11-25 09:18:06', 'investigación de mercados', 'méxico pearson educación', '5', '736', 2, '2023-11-13', 3, 'ISBN-9789702611851', 'en esta sección se define y se clasifica la investigación de mercados a la vez que se expone un proceso de seis pasos para llevarla a cabo. se analiza la naturaleza y el alcance de la investigación de mercados y se explica su papel en los sistemas de apoyo a la toma de decisiones. ', 'YnPW5XM1Z748cvzXTsrX1VQiqEeqpyfNfUrIQE0g.jpg', 1, 2, 7),
(89, '2023-11-14 01:56:37', '2023-11-25 09:18:36', 'marketing research', 'usa john wiley & sons, inc', '8', '693', 2, '2023-11-13', 1, 'ISBN-9780470087022', 'only through the perspective of an insider can one truly grasp the complexities and rapid developments of marketing research. focused on offering real data, reaf people, and real research, the authors of the new eighth edition of marketing research with spss have their fingers on the pulse of marketing research and offer readers insight into the latest thinking and trends in the field.', 'AaI1UBWAvOu5jgJJdKSNQTLuxOt4qZp6zeMHIo90.jpg', 1, 2, 7),
(90, '2023-11-14 01:59:16', '2023-11-25 09:19:12', 'fundamentos de marketing', 'méxico mc graw hill', '10', '885', 2, '2023-11-13', 1, 'ISBN-9701008944', 'el acervo de conocimientos del hombre se ha ido duplicando cada 10 años, y al finalizar el siglo xx se duplicará cada 5 años. si planea ser un gerente profesional-tal vez un experto de mucha habilidad en marketing-, esta explosión del conocimiento significa que en su trabajo encontrará retos y oportunidades como nunca antes. la eficacia con que los enfrente dependerá de su capacidad para adaptarse al cambio constante y para utilizar la base de conocimientos que haya adquirido en los años 90. pensamos que algu- nos de los que necesitará están contenidos en esta décima edición de fundamentos de marketing.', 'Vyg78AOFOKt6ifXELoffUGj2gmOY9COfReZkMJWX.jpg', 1, 2, 7),
(91, '2023-11-14 02:02:02', '2023-12-01 03:26:04', 'investigación de mercados', 'méxico mc graw hill', '1', '151', 2, '2023-11-13', 1, 'ISBN-9684514558', 'a medida que aumenta la información disponible para respaldar el proceso de toma de decisiones, tam- bién aumentan las probabilidades de lograr una aven- tura empresarial redituable. la investigación de mer- cados evolucionó como una función que se debe poner en práctica para desarrollar e implantar un programa de mercadotecnia rentable. también ayu- da a generar respuestas de preguntas de mercado- tecnia vitales.', 'YHMtx9fZbgHQ30maCebY3nG5jZFqMEx0WpKCyG57.jpg', 1, 2, 7),
(92, '2023-11-14 02:05:26', '2023-11-25 09:20:14', 'introducción a la investigación de mercados', 'méxico diana', '1', '218', 2, '2023-11-13', 4, 'ISBN-968130246X', 'el estudio nunca que el secreto de la supervivencia de su organización. así ha surgido la investigación del mercado, como una parte vital en el mundo de los negocios modernos, y con ella se ha visto la necesidad de entrenar preparar debidamente, personal especializado en diversos niveles, empezando por el de los ejecutivos. la idea fundamental de este libro es presentar un y\nmaterial organizado que pueda servir de base a futuros estudios de investigación más avanzados, y ofre- cer una información que ayude a estudiantes y especialistas en administración de empresas, mercadotecnia y economía a lograr una comprensión más amplia de la ciencia y técnica del mercado, para la solución de problemas, tanto de empresas privadas como del sector público.', '8AuVHD8wGvKUOl3ihpHjQLiQVBRMr4FtJwoXTJVz.jpg', 1, 2, 7),
(93, '2023-11-14 02:08:39', '2023-11-25 09:20:50', 'introducción a la investigación de mercados', 'méxico mc graw hill', '3', '162', 2, '2023-11-13', 2, 'ISBN-9701011724', 'en la tercera edición de investigación de mercados, pretendemos introducir al lector, e una manera ágil y sencilla, a este tema, el cual ha sido poco estudiado en los países latinoamericanos.\n\nuna de las metas de esta obra es concientizar, en forma práctica, a estudiantes y profesores de mercadotecnia, de los alcances reales de la investigación de mercados como herramienta de uso común para la planeación y la toma de decisiones.', 'LYOGmoxv9QNF1saNZhdQSeoeya2i1vZbpK8Ai9qV.jpg', 1, 2, 7),
(94, '2023-11-14 02:12:15', '2023-11-25 09:21:23', 'introducción a la investigación de mercados ', 'méxico mc graw hill', '2', '181', 2, '2023-11-13', 2, 'ISBN-9684518935', 'la amplia experiencia de las dos autoras tanto en el campo docente como en el ejercicio de la mercadotecnia profesional avalan los concep- tos y la metodología aquí descritos. la inclusión de casos prácticos para resolver, permite al profesor y al alumno evaluar progresivamente el gra- do de comprensión y conocimientos alcanzado, así como la habilidad con la que el estudiante identifica la naturaleza del problema por resolver y se- lecciona la técnica que se necesita aplicar. una bibliografia abre la puer- ta a quien desee profundizar conocimientos en uno u otro campo o técnica de la investigación de mercados.', 'Y25gwwzNjcpWISn9tTqy0dhibkRjiDfb8hPX9Zty.jpg', 1, 2, 7),
(95, '2023-11-14 02:15:58', '2023-11-25 09:21:54', 'investigación de mercados', 'méxico mc graw hill', '3', '737', 2, '2023-11-13', 2, 'ISBN-9684224532', 'la calidad de las decisiones de mercadeo depende, en gran parte, de la infor- mación disponible para la persona que toma las decisiones. es función de la investigación de mercados el suministrar información para esta toma de deci- siones. un gerente de mercadeo que no sabe usar o evaluar la investigación de mercados es como un gerente general que no entienda la declaración de renta de la empresa; los dos se hallan muy limitados en sus habilidades para cumplir eficazmente su trabajo.', 'Iazka0p8gBkfNwuZRSveT6rP7heuBHJyW7VZGn0g.jpg', 1, 2, 7),
(96, '2023-11-14 02:18:52', '2023-11-25 09:43:59', 'mercadotecnia social', 'méxico diana', '1', '389', 2, '2023-11-13', 2, 'ISBN-9681322584', 'las campañas de concientización ecológica; los planes de alfabetización o de planeación familiar; los programas para combatir el embarazo de adolescentes, las drogas o el sida. son sólo algunas de las iniciativas sociales que diversos organismos emprenden en todo el mundo, en un esfuerzo por modificar la conducta pública y alcanzar metas sociales sin recurrir a otros medios coercitivos. ', 'c1kQ9Mhfh68PbHqUkysbqsV6GRIybOopriVeMvEt.jpg', 1, 2, 7),
(97, '2023-11-14 02:21:43', '2023-11-25 09:43:27', 'dirección de marketing ', 'méxico pearson educación', '1', '368', 2, '2023-11-13', 3, 'ISBN-9702603455', 'internet esta cambiando la forma en que los consumidores compran, así como la manera en que las compañías negocian entre sí. este nuevo mundo está caracterizado por un rico entorno de información. los mercadólogos loperciben como un mundo en el que proliferan las oportunidades (o las amenazas).\n\ndirección de marketing, conceptos esenciales, lo guiará a través de este nuevo mundo desafiante, mostrándole cómo efectuar rápidos ajustes a las condiciones del mercado, reducir costos y establecer nuevas y mejores relaciones.', 'OzA6V9iLKhvSGo8mDAM58LAYuycH8L83fPQgHeLQ.jpg', 1, 2, 7),
(98, '2023-11-14 02:26:56', '2023-11-25 09:42:46', 'la integración cliente-empresa', 'méxico prentice hall hispanoamericana', '1', '320', 2, '2023-11-13', 2, 'ISBN-968880763X', 'la integración cliente-empresa da precisamente en el clavo, richard whiteley y diane hessan han deducido la formula para triunfar en los altamente competitivos mercados de la actualidad al pensar en un cambio de dirección de nuestra compañía, aprecio con claridad lo crucial de las \"cinco estrategias para el éxito\".', 'iTwdrjFs8VLbOHKFjhdE5F40fHwVludroN6YjI6D.jpg', 1, 2, 7),
(99, '2023-11-14 02:31:12', '2023-11-25 09:42:19', 'curso mcgraw-hill de management', 'méxico mc graw hill', '1', '338', 2, '2023-11-13', 1, 'ISBN-8448100190', 'el autor\n\nlester r bittel es profesor demanagement de la james mo distan university ha dedicado toda su carrera al estudio de la di rección empresarial, por lo que ha recibido numerosas distineo nes, tales como el premio frederick taylor por su aportacion ar la literatura de los negocios y el premio jesse h. neal destina do a reconocer intervenciones destacadas en el campo del pe nodismo empresarial entre sus muchas obras de exito están what every supervisor should know y handbook or professional managers, ambas publicadas por mcgraw-hill\n\nel libro\n\ncurso mcgraw-hill de management en 36 horas pre tende ser el camino mas rapido y fácil para afianzar o aprender los conocimientos necesarios para ser o llegar a ser un directivo inteligente y eficaz\n\nesta organizado en doce capítulos o lecciones, cada uno de ellos con un caso practico al final y un cuestionario a modo de repaso al terminar el curso, el lector se dará cuenta de como lo mas importante en la función de un directivo no es cenirse a planteamientos teoricos, sino tener la habilidad de saber esco ger y aplicar los metodos o técnicas que sean mas apropiados a una situación real determinada\n\nuna obra única para conocer, en 36 horas, que es en realidad el management', 'qgP9TH8ArB3lIOrpLJJeHD1csxI1iscOdvDDc0kz.jpg', 1, 2, 5),
(100, '2023-11-14 02:34:07', '2023-11-25 09:31:53', 'manufactura de clase mundial para el próximo siglo', 'méxico prentice hall hispanoamericana', '1', '273', 2, '2023-11-13', 1, 'ISBN-9688807915', '\"richard schonberger nos enseño en 1984 las tecnicas japonesas de manu factura y lanzó a la raychem hacia un viaje continus rumbo a la calidad. ahora nos conduce a una nueva dimension. el libro rebosa de perspicaces puntos de vista. ideas y enfoques. es una inusitada y original contribution a la literatura.\"\n\n\"el doctor schonberger perfecciono un paradigma nuevo sobre como deben funcionar las fábricas para lograr una manufactura de clase mundial ahora, una vez más, mediante el control de inventarios, nos ayuda a ver de manera diferente lo que es la manufactura da clase mundial.', 'jhYkJyhRQoXqaR5venTKne8VywqAwquW1nKHkb5a.jpg', 1, 2, 5),
(101, '2023-11-14 02:36:12', '2023-11-25 09:41:20', 'el proceso administrativo', 'méxico diana', '2', '305', 2, '2023-11-13', 2, 'ISBN-9681321383', 'la ciencia administrativa forma parte de las ciencias sociales, rama del saber que helenide up desarrollo acelerado en el siglo xx, a causa de la complejidad de las organizaciones, resultantes- de las revoluciones agricola e industrial.\n\npor otra parte, a unos años apenas de que comience el siglo xxi asistimos a la revolución de la comunicación, con la implicación de una tecnología acelerada, productora de un mundo interco- municado, sin fronteras y en busca de la universalidad.', 'PT4kcocTchWcSFQJdNOu1RkR0SbQJCOivOFfy2BE.jpg', 1, 2, 5),
(102, '2023-11-14 02:39:45', '2023-11-25 09:40:46', 'administración en las organizaciones', 'méxico mc graw hill', '2', '754', 2, '2023-11-13', 4, 'ISBN-9684514492', 'la parte 1 está proyectada para proporcionar una visión completa del libro. crea el marco de referencia dentro del cual pueden integrarse las otras siete partes. el capítulo 1 destaca la importancia de la organización y de la administracion. se hace hincapié en la naturaleza ecléctica de la teoria de la organización, indicando el\n\nrol que desempeñan las distintas disciplinas. se describe la teoria de la organización como la base de la práctica administrativa. se presentan conceptos nuevos que se re- piten en todo el texto. y, por último, se expone el plan del libro en partes y capitulos. el capitulo 2 describe los valores administrativos a través de varios siglos. se des- taca el efecto de los valores culturales o sociales contemporáneos en el pensamiento administrativo. se analiza la influencia de la evolución de la cultura y de los sistemas de valores sobre las actitudes administrativas. hay un interès particular por los avances a partir de la revolución industrial y por los cambios acelerados producidos en el siglo xx. la sociedad contemporánea, con sus valores pluralistas, provee un marco muy complejo y dinámico para las organizaciones y sus gerentes.', '9BZBzTFdyGVjqC1AkJYhOFvhYqhAFRhZFtEtzHaO.jpg', 1, 2, 5),
(103, '2023-11-14 02:47:03', '2023-11-25 09:40:20', 'principios de administración', 'méxico cecsa', '1', '747', 2, '2023-11-13', 2, 'ISBN-9682601762', 'la administración es un tema excitante porque se refiere a establecimiento, búsqueda y logro de objetivos. todos somos ad ministradores de nuestras propias vidas, y la práctica de la admi nistración se encuentra en cada una de las facetas de la actividad humana: escuelas, negocios, iglesias, gobierno, sindicatos, fuer zas armadas y familias. el establecimiento y el logro de objetivos son misiones retadoras y gratificantes para cualquier empresa y descubriremos que los obstáculos administrativos que ten drán que ser superados para lograr el éxito son sorprendente mente similares en todas las organizaciones.\n\nel papel de un gerente es fijar objetivos y acumular y movili zar los recursos de hombres, mujeres, materiales, máquinas métodos, dinero y mercados para lograr los resultados deseados dentro de las restricciones de tiempo, esfuerzo y costo predeter minadas.', 'n3zK5ThCNcHiYbkElnhnmGE1gyzZWmX5gD1bKHes.jpg', 1, 2, 5),
(104, '2023-11-14 02:49:32', '2023-11-25 09:39:52', 'cómo administrar con Éxito', 'mexico limusa', '1', '215', 2, '2023-11-13', 2, 'ISBN-9681824601', 'en esta obra se aprecian desde las primeras páginas la precisión y claridad del pensamiento europeo de los autores y la profunda lógica de su razonamiento. al aplicarlas a la administración le confieren la calidad de un arte y al ponerlo en práctica, el administrador obtiene resultados óptimos en las resolución de múltiples problemas.\n\nen cada capítulo se destaca un aspecto particular de ta actividad administrativa en sí, que incluye una breve exposi ción del tema, ejemplos de casos reales (más de 75), analisis de los mismos, recomendaciones y advertencias. la comple- jidad de estas situaciones requiere señalar adecuadamente el problema, ordenarlo y resolverlo, atinados ejemplos de cómo administrar con éxito.\n\ncualquier administrador experimentado se ha enfrentado a estas situaciones o las encontrará, ya que se tomaron de casos reales en la industria, comercio, servicios públicos, fi nanzas, la banca, seguros, contabilidad y áreas técnicas como ingeniería y diseño. la sabiduría práctica de sus sugerencias representa una enorme ayuda para que todos los interesados en estas áreas resuelvan infinidad de problemas y adquieran mayor competencia para ascender a mejores puestos.', 'kH2yuK06K0bUTiREB5gY7MeG9MSybAvQX3eNHyn9.jpg', 1, 2, 5),
(105, '2023-11-14 02:51:50', '2023-11-25 09:39:22', 'administración de empresas', 'mexico limusa', '1', '189', 2, '2023-11-13', 9, 'ISBN-9681800591', 'la presente obra, por su carácter primordial de texto para el estudio de la administración en nivel universitario, busca reunir dos características que suelen predominar en los estudios que constan- temente aparecen sobre esta materia: algunos se dedican, básicamente, a reproducir reglas y descri- bir instrumentos de la administración, constituyendo interesantes manuales para la resolución práctica de los problemas concretos que se presentan en una empresa; otros, tratan de ahondar principalmente en los supuestos sociológicos, filosóficos, psicológi- cos, etc., del fenómeno administrativo.\n', '1tsbR8PNgAT782GARPQkr6vnm8JKhctPNkPpNJpH.jpg', 1, 2, 5),
(106, '2023-11-14 02:54:18', '2023-11-25 09:38:55', 'administración de empresas', 'méxico limusa', '2', '391', 2, '2023-11-13', 5, 'ISBN-968180273X', 'la presente obra, por su carácter primordial de texto para el estudio de la administración en nivel universitario, busca reunir dos características que suelen predominar en los estudios que constan- temente aparecen sobre esta materia: algunos se dedican, básicamente, a reproducir reglas y descri- bir instrumentos de la administración, constituyendo interesantes manuales para la resolución práctica de los problemas concretos que se presentan en una empresa; otros, tratan de ahondar principalmente en los supuestos sociológicos, filosóficos, psicológi- cos, etc., del fenómeno administrativo.', 'yWJWGuD7vGXRP5QKgwn3TS1RgcTKSuG0glmlPdoz.jpg', 1, 2, 5),
(107, '2023-11-14 02:57:48', '2023-11-25 09:37:00', 'administración industrial', 'méxico limusa', '1', '658', 2, '2023-11-13', 5, 'ISBN-9681840607', 'la administración industrial como campo de desarrollo busca orientar al estudiante de ingeniería industrial en el manejo de las organizaciones industriales, con el objeto de poder llevar a cabo una buena gestión dentro de la empresa. esta orientación está encaminada a ofrecer conocimientos administrativos de carácter integral, operativo conceptual, desarrollados en el campo industrial.', '/QaZ2BHhTCwjau8tkGTlx1O9VwupqPdrmssNGdgPm.jpg', 1, 2, 5),
(108, '2023-11-14 03:00:26', '2023-11-25 09:33:03', 'administración teoría y aplicaciones', 'méxico alfaomega', '1', '562', 2, '2023-11-13', 2, 'ISBN-9701512332', 'bajo una perspectiva fundamentalmente pedagógica, propone un modelo conceptual\n\nque integra las diversas partes que conforman al proceso administrativo explicándolo paso a paso, de manera que se llega a comprender de forma muy clara el funcionamiento de una organización. con un equilibrio exacto entre teoría y práctica, describe funciones básicas y antece-\n\ndentes históricos de la administración, las funciones, comportamiento y motivación del profesional, hasta la reflexión de temas actuales y el futuro de la administración, todo ello apoyado por numerosos ejemplos, preguntas de discusión, de repaso y casos prácticos.', 'neczB85QP7CtDI1cskypXWt1lbcyL44CepFPMLqS.jpg', 1, 2, 5),
(109, '2023-11-14 03:05:19', '2023-11-25 09:32:28', 'execution the discipline of getting things', 'crown business', '1', '278', 2, '2023-11-13', 1, 'ISBN-0609610570', 'if you want us be a ceo or if you are a ceo and want to keep your job-read ecreation and put its principles to work\n\nmichael dell\n\nchairman and cec dell computer corp.\n\n\"good practical insight and advice on managing for results at firms of any are. execution is key, and this book clearly explains what it means and how it brings together the critical ele ments of any organization-its people, strategies, and operations. lr. raymond\n\nchairman and ceo, exxon mobil\n\n\"the best thought-out plans in the world aren\'t worth the paper they\'re written on if you can\'t pull them off. and that\'s what this book is all about. execution: the ducipline of getting things done is well written and gives sound, practical advice about how to make things happen. it is well worth the reading\n\nvalfits larsen\n\nchairman and ceo, johnson&johnson\n\n\"larry bossidy recognizes how execution in a business defines the true greatness of a company. he captures a lifetime of building winning formulas and puts them in a simple and practical context for executives at any level. read it!\"\n\nivan seidenhe president and co-chief executive officer, verizon', 'T61A5mnRY1WDoF15e31PKIEJutmsZdycja2OrcdU.jpg', 1, 2, 5),
(110, '2023-11-14 03:07:06', '2023-11-25 09:30:52', 'auditoria administrativa', 'méxico diana', '1', '315', 2, '2023-11-13', 1, 'ISBN-9681307437', 'el empirismo en el manejo empresarial cede progresiva- mante en la medida que se tienen y se aplican nuevos medios de conocimiento, pero la obtención cabal de éste no es sólo cuestión do la práctica, por muy activa que ella sea, sino, también, de elementos de análisis que no únicamente están encaminados a conocer qué satisfactores de la administración se ponen en juego, sino a saber el porqué de su eficacia o de sus fallas, qué elementos no han sido empleados y cuáles deberian utilizarse a fin de lograr una administración que pro- penda a lo perfecto en sus finalidades: servir a la empresa on su propósito de alcanzar los beneficica proyectados y, me- jor todavia, superarlos. todo ello está implicito en la toma de decisiones, pero no estará sustentado en bases técnicas si no se cuenta con información adecuada que permita conocer procedimientos, resultados, objetivos, planes, políticas, mé- todos de oporación, recursos económicos y humanos, asi co- mo los problemas a que dichos elementos se enfrentan y el modo de resolverlos.', 'a5AtpKcsCNZyou72drq4bCnwhHQDGbD3sD1YeDRs.jpg', 1, 2, 5),
(111, '2023-11-14 03:09:24', '2023-11-25 09:30:19', 'el proceso administrativo', 'méxico diana', '1', '248', 2, '2023-11-13', 2, 'ISBN-9681307690', 'josé antonio fernÁndez arena\n\nhistoria e importancia de la administraciÓn. antecedentes. administración con base en la ingeniería. administración con base en las relaciones humanas. administración con base en la sistematización. administración empírica. administración con base en las matemáticas. administración general. la administración como ceria. relación de la administración con otras ciencias,\n\nla empresa concepto. clasificación. promoción. objetivos. estructura formal. operación. asesoramiento. información. orga- nización e integración de los recursos. integración de recursos humanos. materiales. técnicos.', 'pG8cAMYDzp7HQF03WZbDXtbFnIlZ6dL57YwuVobG.jpg', 1, 2, 5),
(112, '2023-11-14 03:12:03', '2023-11-25 09:29:50', 'administración teoría y práctica', 'méxico prentice hall hispanoamericana', '1', '560', 2, '2023-11-13', 2, 'ISBN-9688800627', 'miguel garcia es el superintendente de planta de una gran compañia acerera situada en birmingham, alabama. en estos momentos, los encargados de los departamentos de fundición de metal y control de calidad están en su of cina. Él ha organizado esta junta para resolver el conflicto entre ambos jefes. el jefe del departamento de fundición de metal se ha quejado con miguel de que más de la mitad de los articulos que los inspectores de control de calidad han rechazado en la última semana están dentro de los márgenes de tolerancia en producción y, por tanto, deben ser aceptados. afirma que el encargado de con trol de calidad intencionalmente está haciendo quedar mal a su unidad.', '0ZgRfpVYr5EGKoYnK8BUcNfiQqaJFca31itwtNDt.jpg', 1, 2, 5),
(113, '2023-11-14 03:14:10', '2023-11-25 09:29:20', 'introducción a la teoría general de la administración', 'méxico mc graw hill', '1', '879', 2, '2023-11-13', 1, 'ISBN-9586003132', 'el mundo de hoy es una sociedad compuesta de organizaciones. todas las actividades orientadas a la producción de bienes (productos) o a la prestación de servicios (actividades especializadas) son planteadas, coordinadas, dirigidas y controladas dentro de organizaciones.', 'ptGQBQKzEaQe0I54aUg3GvxxfHT5f1g33WaSUew3.jpg', 1, 2, 5),
(114, '2023-11-14 03:16:28', '2023-11-25 09:28:51', 'introducción a la teoría general de la administración', 'méxico mc graw hill', '5', '1056', 2, '2023-11-13', 1, 'ISBN-9701027868', 'referencia básica para la administración moderna, esta obra constituye un valioso trabajo que ofrece al lector la más amplia visión de las principales teorías administrativas desde sus inicios hasta los tiempos actuales.\n\nen plena era de la información, en que el capital intelectual es la mayor riqueza de la humanidad, la formación y actualización del administrador critica que constituya un importante componente estratégico, y no simplemente táctico u operativo, capaz de conducir su organización hacia la competitividad y el éxito y, sobre todo mantenerla a la vanguardia.\n', '5jiBL1Ev3bRqP0M95QjGVwZzZcgJSCCy8Cp4hNiC.jpg', 1, 2, 5),
(115, '2023-11-15 02:45:53', '2023-11-25 09:28:25', 'principios de administración', 'méxico cecsa', '1', '747', 2, '2023-11-14', 6, 'ISBN-9682605865', 'la administración es un tema excitante porque se refiere al establecimiento, búsqueda y logro de objetivos. todos somos administradores de nuestras propias vidas, y la práctica de la administración se encuentra en cada una de las facetas de la actividad humana: escuelas, negocios, iglesias, gobierno, sindicatos, fuerzas armadas y familias. el establecimiento y el logro de objetivos son misiones retadoras y gratificantes para cualquier empresa, y descubriremos que los obstáculos administrativos que tendrán que ser superados para lograr el éxito son sorprendentemente similares en todas las organizaciones.', 'Nhk8NoecO2u3rtc8BcXjON6bIjiLt42SVACAnyDw.jpg', 1, 2, 5),
(116, '2023-11-15 02:54:16', '2023-11-25 09:28:00', 'administración por objetivos', 'mexico limusa', '1', '156', 2, '2023-11-14', 8, 'ISBN-9681802756', 'la administración por objetivos constituye el enfoque no sólo de mayor actualidad en nuestras empresas sino también el de mayor eficacia en lo económico y aun en lo social, en el dificil momento en que vivimos.\n\nesta obra sobre el tema -primera que se publica on castellano dedica sus dos primeros capitulos a ligar este nuevo criterio y método administrativo, con los principios permanentes de la administración para que no se convier- tan en \"recetas de cocina\" de carácter puramente empírico, y de muy dudosa validez.', 'GUBhzkJaWLQRIk52YVQ9U32NOELcrF3VadEpI05M.jpg', 1, 2, 5),
(117, '2023-11-15 02:59:11', '2023-11-25 09:27:29', 'productividad del factor humano', 'méxico alethia', '1', '96', 2, '2023-11-14', 6, 'ISBN-9681838017', 'la baja productividad del personal en la empresa mexi- cana es un serio problema, tanto así que muchas empresas ya lo consideran un problema insuperable y han decidido adaptarse a esa circunstancia. por ejemplo, algunas tiendas de autoservicio calculan una alta cantidad de mercancías perdidas por robos, tanto de la clientela como de los mis- mos empleados; en los bancos, se tiene un considerable presupuesto para fraudes y faltantes de dinero; en muchas fábricas se estima gran cantidad de productos defectuosos por negligencia y descuido de los trabajadores; en la mayo- ría de las empresas maquiladoras el principal problema es calcular el tiempo de entrega del producto terminado, pues falla el factor humano. ', 'BAu6KS9TSiYhVcTbfyjoyv5DmtQEtisFe8CG7R8Q.jpg', 1, 2, 5),
(118, '2023-11-15 03:07:00', '2023-11-25 09:26:54', 'administración y logística en la cadena de suministros', 'méxico mc graw hill', '2', '409', 2, '2023-11-14', 7, 'ISBN-9789701061329', 'la baja productividad del personal en la empresa mexi- cana es un serio problema, tanto así que muchas empresas ya lo consideran un problema insuperable y han decidido adaptarse a esa circunstancia. por ejemplo, algunas tiendas de autoservicio calculan una alta cantidad de mercancías perdidas por robos, tanto de la clientela como de los mis- mos empleados; en los bancos, se tiene un considerable presupuesto para fraudes y faltantes de dinero; en muchas fábricas se estima gran cantidad de productos defectuosos por negligencia y descuido de los trabajadores; en la mayo- ría de las empresas maquiladoras el principal problema es calcular el tiempo de entrega del producto terminado, pues falla el factor humano. ', '0H5wgb6xSltmLkTzyyRADwGEEt5rtnUZrw4csXHK.jpg', 1, 2, 5),
(119, '2023-11-15 03:11:31', '2023-11-25 09:26:20', 'logística administración de la cadena de suministros ', 'méxico pearson educacion', '1', '816', 2, '2023-11-14', 6, 'ISBN-9702605407', 'este libro trata sobre el tema vital de la logística del negocio y de la cadena de suministro, un área de la administración que es esencial para su estrategia competitiva y la generación de ingresos. este tema del negocio puede incluir todas o algunas de las siguientes actividades: transportación, mantenimiento de inventarios, procesamiento de pedidos, compras, almacenaje, manejo de materiales, embalaje, estándares de servicio al cliente y producción.', 'LFFvvBhYYHgSZdcbvWlESvLoHnQF4UpVpsgIlm1X.jpg', 1, 2, 5),
(120, '2023-11-15 03:15:09', '2023-11-25 09:25:52', 'logística mejores prácticas en latinoamérica', 'méxico thomson', '1', '426', 2, '2023-11-14', 2, 'ISBN-9706864113', 'este libro, escrito con la colaboración de 16 profesores y profesionales iberoamericanos y norteamericanos, busca rellenar un espacio en la literatura técnica. por una parte no existe ninguna compilación o resumen en castellano del principal material publicado sobre la disciplina en inglés. por otro lado, las mejores prácticas logisticas en particular y las de operaciones en general, relacionadas con empresas lideres, tienen una baja difusión en nuestra región.', 'xYKvxPp3BXFLY0RHTjm0gPPov8GQJVK6evssVnIL.jpg', 1, 2, 5),
(121, '2023-11-15 03:19:30', '2023-11-25 09:25:19', 'administración de cadenas de aprovisionamiento', 'méxico oxford university press', '1', '253', 2, '2023-11-14', 3, 'ISBN-9706136363', 'la administración de cadenas de aprovisionamiento los mecanismos mediante los que las compañias que participan en la creación, distribución y venta de productos pueden unir sus fuerzas para establecer una red de aprovisionamiento con una ventaja competitiva invencible ha surgido como una de las herramientas más poderosas de que disponemos para lograr mejoras en los negocios.', 'sDpqmjbH0hSz5m43i2TMd1XeqgLcYPksTcQoAYMf.jpg', 1, 2, 5),
(122, '2023-11-15 03:26:24', '2023-11-25 09:24:01', 'manual del adminstrador de empresas', 'méxico mc graw hill', '4', '124', 2, '2023-11-14', 8, 'ISBN-9684519052', 'el objetivo de este capítulo es proporcionar a la administración de la empresa un perspectiva viable para entender, verificar y controlar la productividad. un progra ma completo de productividad debe interconectarse con una variedad de áreas fun cionales. si éste ha de ser efectivo como disciplina, debe abarcar todos lo niveles d la administración lo que debe comprenderse claramente desde el comienzo.', 'l5pKe8fGbzBa67uJshefrrupVP2LjI1S5xb9Y3Lg.jpg', 1, 2, 5),
(123, '2023-11-15 03:30:53', '2023-11-25 09:23:38', 'manual para elaborar manuales de politicas y preocedimientos', 'méxico panorama editorial', '2', '285', 2, '2023-11-14', 1, 'ISBN-9789683817648', 'terminar esta segunda edición fue mi ilusión desde el año 1996, fecha en que la primera edición de este \"manual para elaborar manuales de políticas y procedimientos vio la luz pública y empezó a ser utilizado por organizaciones tanto para elaborar manuales de políticas y procedimientos como para desarrollar los \"documentos controlados\" de siste mas de gestión basados en las normas iso 9000 (calidad), iso 14000 (ambiental), así como siste- mas basados en la especificación técnica iso/ts 16949 (proveedores de la industria automotriz) y ohsas 18000 (seguridad y salud ocupacional), entre otras.', 'VKsE8lKtelBa9Db9KjC1E0GAXnK1DaSVtoGMiY0F.jpg', 1, 2, 5),
(124, '2023-11-15 03:36:52', '2023-11-25 09:23:10', 'reingeniería', 'méxico norma', '1', '226', 2, '2023-11-14', 10, 'ISBN-9580426503', 'lo grave es que estamos entrando en el siglo xxi con compañías diseñadas en el xix\", escriben michael hammer y james champy en este libro pionero del tema de actualidad en el mundo de los negocios: la reingeniería, o sea, la reestructuración radical de los procesos de una compañía, de su organización y de su cultura.', '6OrdJ5UT4sPmoPvqZ9AEjMfI1KuulJ7OUXUuJNyB.jpg', 1, 2, 5),
(125, '2023-11-18 22:02:52', '2023-11-25 09:22:40', 'administración', 'méxico pearson educación', '6', '690', 2, '2023-11-18', 1, 'ISBN-9688806854', 'millones de mujeres y hombres de todo el mundo pasan su existencia trabajando como gerentes de orga- nizaciones enfrentan innumerables desafios al luchar por cumplir con sus tareas diarias. el obje tivo de este libro es preparar a los gerentes del mañana, presentándoles hay los problemas que enfrentarán. en la parte i se habla del ejercicio de la administración y se siguen los pasos de su evolución.', 'T9kR87R1BRCO5YqVDZqbQspXqV0wtFNcKff9I2nM.jpg', 1, 2, 9),
(126, '2023-11-18 22:09:07', '2023-11-25 09:22:16', 'administración', 'méxico prentice hall', '10', '565', 2, '2023-11-18', 2, 'ISBN-9786074423884', 'los gerentes son necesarios en cualquier organización sin importar su tamaño, tipo o ubicación dado que la administración es una disciplina dinámica, un libro de texto dirigido a los gerentes debe considerar tanto los conceptos clasicos como los contemporáneos para que puedan desarrollar sus habilidades y enfrentar los retos que presenta este mundo cambiante.', 'E9pqXOXkfAcpMgn8TdxSrOeeGkwAloiteaEyDAsT.jpg', 1, 2, 9),
(127, '2023-11-18 22:14:38', '2023-11-25 09:03:00', 'adminmistración un enfoque basado en competencia', 'méxico cengage learning', '11', '626', 2, '2023-11-18', 5, 'ISBN-9789708300674', 'todo lo que requlere para desarrollar sus habilidades gerenciales, que potenciarán el éxito de su carrera profesional en administración, lo encontrará en este libro, único en el mercado por su enfoque basado en competencias. esta undécima edición ha sido actualizada y rediseñada a fondo, para consolidar su larga tradición de excelencia y liderazgo.', 'BzUunPvqOtbr7CxM29bjzLcwz1KzNVIG0YLNU5oB.jpg', 1, 2, 9),
(128, '2023-11-18 22:20:54', '2023-11-25 08:54:38', 'administración moderna', 'méxico mc graw hill', '2', '628', 2, '2023-11-18', 1, 'ISBN-9684227493', 'mike williams era empleado de tiempo completo de shillito\'s, una tienda de departamentos de gran tamaño ubicada en el centro de cincinnati. como vendedor del departamento de caballeros, su principal responsabili- dad era la venta de ropa para hombres.', 'ifvt2AghTl4yt7D1OvoUXocnpzTxufLZvyfmkOCJ.jpg', 1, 2, 9),
(129, '2023-11-18 22:26:51', '2023-11-25 09:03:54', 'sistemas de control de gestión ', 'méxico mc graw hill', '12', '768', 2, '2023-11-18', 1, 'ISBN-9789701066416', 'con sistemas de control de gestión los estudiantes adquieren los conocimientos y las destrezas analíticas que se exigen a los administradores de nuestros dias. mediante una combinación de casos reales y ejemplos de empresas actuales, los estudiantes determinan cómo los verdaderos gerentes diseñan, implantan y usan los sistemas de planeación y control para ejecutar sus estrategias de negocios. sistemas de control de gestión es una obra muy enfocada en la disciplina contable. los lectores sacaran provecho de una amplia experiencia que sin duda enriquecerá el estudio y a los estudiantes.', 'OMIYCbSXdsvREkV5X3b3CGRTYy7XXNmUQc2rcIX2.jpg', 1, 2, 9),
(130, '2023-11-18 22:31:11', '2023-11-25 09:04:22', 'fundamentos de administración', 'méxico international thompson editores', '5', '472', 2, '2023-11-18', 1, 'ISBN-9706860207', 'dineh mohajer es una joven e inteligente millonaria cuyo negocio y éxito en la administración comenzaron de forma inesperada. un dia, cuan- do se preparaba para entrar a la escuela de medicina, se pintó las uñas de azul y salió a comprar unos zapatos. decenas de compradoras se acer- caron a mohajer y le preguntaron dónde había comprado el barniz. les explicó que ella misma lo había preparado en su cocina.', 'uToqbfI6z6ogKh93kn27kYhlmxMxhZTTTjAC8giB.jpg', 1, 2, 9),
(131, '2023-11-18 22:37:29', '2023-11-25 09:04:54', 'administración', 'méxico pearson educación', '8', '614', 2, '2023-11-18', 1, 'ISBN-9702605555', '\"cuidense y sean jus- tos. así se hacen me- jores personas que ac- túan bien. y mejores personas significa me- jores negocios\".¹ tal es la simple filosofía administrativa de tom gegax (en la foto), fundador y di- rector ejecutivo de tires plus, que tiene más de 150 tiendas en 12 es- tados de la unión americana, e in- gresos cercanos a los 200 millones de dólares. en una industria con una competencia extremadamen- te enérgica de la que forman parte los gigantes wal-mart y good- year, tires plus espera extenderse a todo el país y doblar su tamaño en los próximos cinco años. es de creer que la filosofia básica de tom tenga una parte importante en al- canzar o no alcanzar su meta.\n', 'TWZPCIdqd7uC6kVokqQS8SNH5qnnzWy207aIoMNo.jpg', 1, 2, 9),
(132, '2023-11-18 22:42:02', '2023-11-25 09:05:20', 'administración industrial', 'méxico limusa', '1', '509', 2, '2023-11-18', 1, 'ISBN-9681816676', 'esta obra presenta de manera clara y objetiva los prin cipios fundamentales necesarios para administrar con éxito cualquier empresa de tipo industrial. en ella se exponen los problemas ocultos que se presentan en la administración, se muestra cómo evitarlos o si ya es demasiado tarde para ello, así como la forma de trabajar en la búsqueda de la mejor solución.\nademás, nos proporciona una excelente guía para una adecuada administración, poniendo el mayor énfasis en aspectos como son: desarrollo del producto, políticas de precios, mercadotecnia y finanzas; asimismo, integra todas las funciones administrativas en un todo operacional que da como resultado un mayor rendimiento sobre la inversión.', '2PJci6ZhJBkQQkIPLB29qEbEDmFJRFzTJCFXLCh5.jpg', 1, 2, 9),
(133, '2023-11-18 23:05:35', '2023-11-25 09:05:45', 'convierta a su empresa en la mejor', 'méxico limusa', '1', '180', 2, '2023-11-18', 8, 'ISBN-9681846451', '¿cómo pudo ocurrir en un mercado próspero? nuevos productos, numerosos pedidos y aún así, las utilidades fueron iguales a cero. sin duda, la oportunidad de modificar el destino de la compañía había estado allí. y él la había desaprovechado. había que hacer algo. neil descubrió que la clave está en la calidad, no sólo del producto, sino la calidad total. \"si cada uno fuese el mejor en su actividad, está sería una gran compañía\", piensa neil, y decide convertir a su empresa en la mejor. en este libro se expone la manera en que neil concibe su idea y la lleva a la práctica.', '9WWf2ONxLSj0b4Gx0vD2GRg9CzY0mlVfc1cO0Sop.jpg', 1, 2, 9);
INSERT INTO `libros` (`id`, `created_at`, `updated_at`, `titulo`, `edicion`, `tomo`, `paginas`, `categoria_id`, `fecha`, `cantidad`, `isbn`, `descripcion`, `imagen`, `publicado`, `user_id`, `estante_id`) VALUES
(134, '2023-11-18 23:33:41', '2023-11-25 09:02:30', 'administración ', 'méxico mc graw hill', '8', '756', 2, '2023-11-18', 1, 'ISBN-9684516525', 'quizas no exista un área más importante de la actividad humana que la de administrar, ya que la tarea del administrador, a todos los niveles y en todo tipo de empresas, consiste en crear y mantener un ambiente adecuado en el que los individuos, trabajando en grupo, puedan llevar a cabo funciones y objetivos preestablecidos. en otras palabras, del administrador depende la asignación de acciones necesa rias que permitan a los individuos hacer sus mejores contribuciones a los objetivos colectivos.', 'WjZizgWdCrKvDDnSl42P2rfv63GcA1mmXW2avZad.jpg', 1, 2, 9),
(135, '2023-11-18 23:37:21', '2023-11-25 09:01:46', 'administración', 'méxico prentice hall hispanoamericana', '1', '781', 2, '2023-11-18', 4, 'ISBN-9688803510', 'alison reeves es un ejecutivo de nivel medio en para- mount communications, un inmenso conglomerado cuyas oficinas centrales están en nueva york. cuando aborda el tren para volver a su casa en nueva jersey, es un fiel reflejo de un día excitante, lo cual, para ella se ha convertido en rutina cotidiana.', 'ERXFSeEljk8yrsxjNWBehsJjwDmJgH5Wd88kTFbj.jpg', 1, 2, 9),
(136, '2023-11-18 23:41:19', '2023-11-25 09:01:19', 'administración una perspectiva global', 'méxico mc graw hill', '11', '794', 2, '2023-11-18', 1, 'ISBN-9701020367', '\ntodo inició en los años cincuenta cuando harold koontz era profesor de admi nistración en la universidad de california en los angeles (ucla) y creo la obra principles of management: an analysis of managerial functions (1955). texto que contribuyó a definir las bases del proceso administrativo como hoy lo conocemos planeación, organización, integración dirección y control. ese marco teórico se emplea en todo el mundo en la administración de negocios.', 'X1ZVQBvFmvSaItkpZRa1PHJ6hZrzvKAhUhB6jC9K.jpg', 1, 2, 9),
(137, '2023-11-18 23:44:14', '2023-11-25 09:00:46', 'administración una perspectiva global', 'méxico mc graw hill', '12', '804', 2, '2023-11-18', 1, 'ISBN-9701039491', 'la administración es una de las actividades humanas más importantes. desde que los seres humanos comenzaron a formar grupos para cumplir propositos que re podian alcanzar de manera individual, la administración ha sido esencial para ga rantizar la coordinación de los esfuerzos individuales. a medida que la socieda empezó a depender crecientemente del esfuerzo grupal y que muchos grupos orga nizados tendieron a crecer, la tarea de los administradores se volvió más importan te. el propósito de este libro es promover la excelencia entre todas las personas qur forman parte de organizaciones, especialmente entre administradores, aspirantes administradores y otros profesionistas.', 'wR7TO0uTYCdq9y5q5w1DQZN9CZpbAquctRjVTP1G.jpg', 1, 2, 9),
(138, '2023-11-18 23:50:26', '2023-11-25 08:59:59', 'administración', 'méxico mc graw hill', '9', '770', 2, '2023-11-18', 1, 'ISBN-9684225628', 'muchos académicos y gerentes han descubierto que el análisis de la adminis tración se facilita mediante una organización útil y clara del conocimiento como primer orden de clasificación del conocimiento se han usado las cince funciones de los gerentes: planeación, organización, integración de personal dirección y control. asi, los conceptos, principios, teorias y técnicas se orga nizan en torno a esas funciones y se convierten en el fundamento de este libra esta estructura se ha utilizado y ha sido sometida a prueba desde la pri mera edición de esta obra en 1955. aunque hay diferentes formas de organiza el conocimiento administrativo, la mayoria de los autores de libros de texto hoy dia han adoptado esta estructura u otra similar, incluso después de expe rimentar a veces con otras formas de estructurar el conocimiento.', 'jdvwEJBNDthVbxQTKAu0zu6gbF1wHOaYdYFErDSH.jpg', 1, 2, 9),
(139, '2023-11-18 23:52:26', '2023-11-25 08:59:37', 'introducción al estudio de la teoría administrativa', 'méxico limusa', '1', '430', 2, '2023-11-18', 4, 'ISBN-9681822854', 'el autor sintetiza, con excelente método, los anteceden- tes históricos de su materia, desde la época más remota hasta el momento en que henry fayol y frederick w. taylor inician su consolidación eminentemente científi- ca. también analiza los fundamentos de la investigación, fijación de objetivos, planificación y la organización y, después de considerar ampliamente la función de la co- ordinación y la dirección, termina con los aspectos rela- tivos al control administrativo.\n', '43lY1b0oibKfHAbtU5AhS89fe4NcWK0kssOaVfY6.jpg', 1, 2, 9),
(140, '2023-11-18 23:57:11', '2023-11-25 08:59:15', 'gerencia matemática', 'méxico alfaomega', '1', '413', 2, '2023-11-18', 5, 'ISBN-9586824845', 'gerencia matemática, la mente conceptual del gerente, es parte de un grupo de tres libros: administración del riesgo, gerencia matematica y gerencia del conocimiento, cuyo propósito es la presentación de los conceptos gerenciales asociados a los conceptos matemáticos, mostrando sus bases y sus puntos er común. gerencia matemática hace un viaje por algunos elementos de filosofia, lógica, conjuntos, funciones, cálculo, probabilidad, modelos estadísticos, en el marco de la planeación, del mercadeo y de las finanzas, todos ellos parte de la mente de un gerente matemático.', 'rrW7DeVbgz4ld78axjQ5GnELd2ViT4nUs7Wf3ogx.jpg', 1, 2, 9),
(141, '2023-11-22 03:57:25', '2023-11-25 08:58:36', 'administración', 'méxico prentice hall', '5', '769', 2, '2023-11-21', 1, 'ISBN-9688807052', 'en el cada vez más competido mercado del cuidado de la salud, tener un conocimiento profundo de qué hacen los gerentes podría significar la dife- rencia entre el éxito o el fracaso de una organización. ¡y si no, pregúnteselo a cynthia glennl.\na los 33 años, glenn es la directora en jefe de operaciones de oxford health care, compañía con sede en springfield, missouri, especializada en proporcionar servicios para el cuidado de la salud en el hogar. ', '6QRde6tTBaTVYLcGhdJACZFotpaNegiVtmhDFjZH.jpg', 1, 2, 9),
(142, '2023-11-22 04:03:07', '2023-11-25 08:58:04', 'manual del consultor en planeación', 'méxico limusa', '1', '83', 2, '2023-11-21', 2, 'ISBN-9681816374', 'esta obra se ha publicado con el propósito de proporcio- nar una visión práctica y sistemática de los métodos de pla- neación.\nsu enfoque está dirigido a presentar los procedimientos necesarios para llevar a cabo sesiones de planeación. en la primera sección se discute la planeación operativa con base en metas. esta planeación nos permite monitorear, controlar y mejorar la operación del sistema bajo estudio.\nen la segunda parte se presentan los diagnósticos organi zacionales que permiten definir y solucionar los problemas más importantes del sistema.', 'P5TktiybQQ46mbL46mFy2MoR2Sy5xcG6diYX9R9D.jpg', 1, 2, 9),
(143, '2023-11-22 04:08:20', '2023-11-25 08:57:13', 'administracion de compras y materiales', 'méxico compañia editorial continental', '2', '734', 2, '2023-11-21', 2, 'ISBN-9682611687', 'esta obra se ha publicado con el propósito de proporcio- nar una visión práctica y sistemática de los métodos de pla- neación.\nsu enfoque está dirigido a presentar los procedimientos necesarios para llevar a cabo sesiones de planeación. en la primera sección se discute la planeación operativa con base en metas. esta planeación nos permite monitorear, controlar y mejorar la operación del sistema bajo estudio.\nen la segunda parte se presentan los diagnósticos organi zacionales que permiten definir y solucionar los problemas más importantes del sistema.', 'ngAErQzGAYeaBwQKYujnJOVc5gMrrwCar1k8qSAb.jpg', 1, 2, 9),
(144, '2023-11-22 04:12:32', '2023-11-24 01:38:02', 'principios y aplicaciones de administración', 'méxico limusa', '1', '791', 2, '2023-11-21', 1, 'ISBN-9681813138', 'para que la administración sea efectiva en cualquier empresa, es ne cesario que siempre esté al día en lo que se refiere a información y me todos. es por esto que los estudiosos de esta ciencia han demostrado un creciente interés por el uso de sistemas computados de información ad- ministrativa y por otros métodos igualmente innovadores. en este libro se tomaron en cuenta éste y otros factores para abarcar así, en una es tructura lógica, desde las principios tradicionales de la administración hasta los que, ya modificados, se utilizan en la actualidad.', 'BNz35qrlGDwQSRmB9nXZGfZMUmdQfh6tHw0XdlQe.jpg', 1, 2, 9),
(145, '2023-11-22 04:21:38', '2023-11-24 01:37:31', 'libro de ejercicios contabilidad practica', 'méxico pearson educación', '1', '616', 2, '2023-11-21', 1, 'ISBN-9684443676', 'libro práctico para resolución de ejercicios contables', 'pq9ZifRxfII7TStk8QhbXAyFH7VCx8Kmesr4J9a8.jpg', 1, 2, 9),
(146, '2023-11-22 04:25:35', '2023-11-24 01:36:58', 'mayor productividad y un mejor lugar de trabajo', 'méxico alfaomega', '1', '86', 2, '2023-11-21', 4, 'ISBN-9686223347', 'la falta de organización en empresas pequenas y medianas, aparte de inducir baja productividad y escasa calidad, puede hacer peligroso y desagradable el trabajo. en esas empresas es necesario aplicar medidas concretas, de bajo costo y adecuadas a las condiciones locales, en resumen, una estrategia de motivacion y cambio en la cual resulta indispensable la participación de los trabajadores, a quienes tambien beneficia la aplicación de prácticas modernas.', 'lIYL8jqQNv9qI93FacQAdQA6paioSWt2xCR5sNuB.jpg', 1, 2, 9),
(147, '2023-11-24 01:30:06', '2023-11-24 01:30:06', 'la investigacion metodica en la administracion', 'mèxico ediciones contables y administrativas', '1', '168', 2, '2023-11-23', 2, 'Cambiar ISBN3', 'en conferencias y en obras especializadas sobre administración, se opina, en unos casos, que la administración es ciencia; en otros, que es técnica; finalmente en otros, que es arte. además se ha venido planteando el interrogante: ¿qué objeto tiene el estudio sistemático de la administración? la abundancia de opiniones (nótese que el vocablo mismo \"abundancia\" conserva la imagen vivaz de un torrente que nos anega y arrolla), nos ha dejado la conciencia de perdimento y naufragio, es decir, nos hizo caer en \'a duda.\' es la duda misma la que nos ha impuesto este tema.', '7a24lMqIjCG8UndRKDEnOor7qneXVZniN19YhITi.jpg', 1, 2, 9),
(148, '2023-11-24 01:35:43', '2023-11-24 01:35:43', 'economia de la administracion de empresas', 'mèxico union tipografica editorial hispano americana', '1', '582', 2, '2023-11-23', 1, 'Cambiar ISBN4', 'la economia de los negocios, tema objeto de este libro, puede definirse como la incorporación de la teoría económica a la práctica de los negocios, con el fin de facilitar la adopción de decisiones y la planeación futura, realizadas ambas por los directores. en contempla- ción de esa meta los tres capítulos siguientes proporcionan una orien- tación conceptual a esta rama de la ciencia aplicada. ', '6I6Auev7oKwgfgBpba9KmssPyzHKn2IkgMN4cNIU.jpg', 1, 2, 9),
(149, '2023-11-24 01:45:37', '2023-11-24 01:45:37', 'administración para la productividad total', 'méxico compañia editorial continental', '1', '396', 2, '2023-11-23', 3, 'ISBN-968261158X', 'el nivel y la tasa del crecimiento de la productividad de cualquier pais tienen mucho que ver con su nivel o calidad de vida, tasa de inflación, tasa de desempleo y con todos aquellos indicadores económicos que proporcionan una semblanza del grado de bienes- tar social y económico. en la actualidad, la productividad y la calidad son consideraciones de interés nacional, tanto para los países desarrollados, como para los que están en desarrollo.', 'RqbCbWQ0ordqDkq4iqYNilDpwkDTkyPMD97yk5Rm.jpg', 1, 2, 9),
(150, '2023-11-24 02:02:59', '2023-11-24 02:02:59', 'the productivity presscription', 'méxico mc graw hill', '1', '308', 2, '2023-11-23', 1, 'ISBN-007003236X', 'aquí en sus manos tiene una guía práctica para mejorar la producción, el servicio, la calidad y las ganancias.\nno requiere darle la vuelta a su operación. y no exige que usted se convierta en discípulo de una filosofía de trabajo que es esencialmente ajena al modo de hacer negocios estadounidense.', 'ZByKymwBJX6UWSlzyLTqqc2EbkMtG3P5vBHEoKKi.jpg', 1, 2, 9),
(151, '2023-11-24 02:06:28', '2023-11-24 02:06:28', 'managing productivity in organizations', 'new york mc graw hill ', '1', '328', 2, '2023-11-23', 1, 'ISBN-0070353298', 'productividad se ha convertido en un término popular en los últimos años; de hecho, puede que sea la palabra de moda número uno en los años ochenta. sin embargo, muchos de los que aparentemente usan el término (como humpty dumpty) tienen en mente definiciones que les son exclusivamente propias. ejemplos de definiciones incluyen \"obtener más por el dinero\", \"hacer más con menos\", \"la calidad, puntualidad y rentabilidad con la que una organización logra su misión\", \"un estado de ánimo en el que se confía en que el mañana puede ser mejor que hoy mediante el propio esfuerzo.\"', 'rWx5SLnNNpjr7wFpSdY9wSTnvmVTq7WGIS6ucPdM.jpg', 1, 2, 9),
(152, '2023-11-24 02:09:31', '2023-11-24 02:09:31', 'liderazgo', 'méxico thomson', '2', '498', 2, '2023-11-23', 1, 'ISBN-9706864636', 'este libro de texto está dirigido para el nivel de licenciatura y posgrado en carreras de administración, administración pública, ciencias de la salud, pedagogia, sicologia y sociologia. también puede emplearse en cursos de desarrollo empresarial que destaquen la función del liderazgo, asi como para quienes cursen asignaturas de comportamiento organizacional centrados en esta función.', 'n8mu7fgNWAHIar0Tc4ee7OMDDkqMginhexxgkpfD.jpg', 1, 2, 9),
(153, '2023-11-24 02:12:32', '2023-11-25 09:58:04', 'productividad ', 'méxico mc graw hill', '1', '281', 2, '2023-11-23', 2, 'ISBN-9684222610', 'en sus manos tiene un manual que ayuda a los directivos a aumentar la producción. el servicio, la calidad y las utilidades en su área de responsabilidad.\neste libro no le pide que rechace su modo de operar, ni que se convierta en discipulo de alguna filosofia del trabajo.', 'UCBalgezGX5d3tD9ciZKPx1RHQ0ZwWiNA2LxSLIV.jpg', 1, 2, 9),
(154, '2023-11-24 02:16:58', '2023-11-24 02:16:58', 'productividad: participacion y analisis', 'españa compañia editorial continental', '1', '143', 2, '2023-11-23', 3, 'ISBN-968260673X', 'el mensaje que esta obra trata de transmitir, es que la productividad es consecuencia de dos factores que son la participación y el análisis.\nlo anterior se logra formando un comité de productividad, que por medio del análisis operacional, permita fijar objetivos, para después obtener los medios materiales y humanos, con el fin de que los trabajadores terminen de concretar las soluciones esperadas, a través de los circulos de control de calidad.', '0aTUhyQJZS4LaCtrol9Vtta19R0WuWKDOhZdx54k.jpg', 1, 2, 9),
(155, '2023-11-24 02:19:34', '2023-11-24 02:19:34', 'cómo motivar a los empleados de hoy', 'méxico mc graw hill', '1', '213', 2, '2023-11-23', 3, 'ISBN-9684225199', 'los gerentes y supervisores de todas las in- dustrias reconocen cada vez más que las técnicas motivacionales que fueron efectivas en el pasado han perdido mucho de su efecto. una parte impor- tante de nuestra fuerza productiva llega al trabajo con valores y expectativas diferentes y cada dia hay más discrepancia entre las técnicas traci- cionales de supervisión y la productividad de los empleados.', 'WGjOxazVziqbh2pSn9BzlhlNhnpiemwCIfWC4C2E.jpg', 1, 2, 9),
(156, '2023-11-24 02:23:10', '2023-11-24 02:23:10', 'el espíritu del liderazgo', 'méxico oxford university press', '1', '146', 2, '2023-11-23', 3, 'ISBN-9706136371', 'compañias de todo el mundo buscan en vano a esa persona que pueda darle sentido al ambiente de rápi dos cambios a través de asertividad, carisma y control. pero el reconocido consultor harrison owen revela que nuestra falta de habilidad para detectar a esa persona es el resultado de expectativas equivocadas. la solu- ción que buscamos, dice, no depende de esos líderes del pasado. el mundo de hoy requiere un liderazgo ins- pirado en todos los niveles de la organización. ', 'FevSippXgMsReflOlRaCgj2ZE5NTHrdISfplnxyA.jpg', 1, 2, 9),
(157, '2023-11-24 02:26:02', '2023-11-24 02:26:02', 'liderazgo, valores y cultura organizacional', 'méxico mc graw hill', '1', '220', 2, '2023-11-23', 2, 'ISBN-9701023625', 'el fin de este segundo milenio está lleno de retos y ries- gos. también de esperanzas y promesas que serán rea- lidad en la medida en que los seres humanos seamos ca- paces de responder a la gran oportunidad que tenemos enfrente.\neste libro es fruto de más de 25 años de trabajo de los autores en el campo de la investigación y consultoría a empresas e instituciones tanto del sector público como del privado.', 'opNMa8ikUfW9gvztbD8BwjrvNgbGygpT96NUcdlA.jpg', 1, 2, 9),
(158, '2023-11-24 02:44:56', '2023-11-24 02:44:56', 'liderazgo estratégico: arte y disciplina', 'méxico mc graw hill', '1', '218', 2, '2023-11-23', 1, 'ISBN-9701043324', '\"una mina de oro de conocimiento estratégico y de consejos prácticos, con casos tomados de la larga y brillante carrera de consultor de mike freedman. este libro cambiará radicalmente nuestras ideas de lo que es la estrategia y de cómo convertirla en el motor de nuestra compañía.\"', '0HSMqr8ZA0228EfAPPI6rZ88azjfXdEaCbOL41YU.jpg', 1, 2, 9),
(159, '2023-11-24 02:48:43', '2023-11-24 02:48:43', 'el nuevo liderazgo', 'méxico ediciones díaz de santos', '1', '286', 2, '2023-11-23', 1, 'ISBN-8487189458', 'el modelo original vroom-yetton sobre liderazgo ha tenido enorme relevancia para la comunidad académica, los negocios y las organizaciones públicas. este modelo ha quedado obsoleto come consecuencia de la aparición de un nuevo modelo, presentado por primera vez en el nuevo liderazgo: dirección de la participación en las organizaciones.', 'woFJSI1e2iSFKBiNpJIjFyggBMVKISZqKaZVQTtb.jpg', 1, 2, 9),
(160, '2023-11-24 02:51:36', '2023-11-24 02:51:36', 'liderazgo', 'méxico mc graw hill', '1', '196', 2, '2023-11-23', 1, 'ISBN-9684227736', 'este es el planteamiento de crosby sobre el liderazgo ejecutivo: directo, ncisivo y motivado por el cumplimiento. con él, usted entenderá plaqué un ejecutivo no es un gerente con más categoria requiere un toque otalmente nuevo y nuevas habilidades. philip crosby le ayuda a desarrollar a capacidad de centrar su atención, coordinar, delrigar, dirigir, recorar y escuchar y después emplearla para posicionarse con responsidad, iderazgo, respeto y éxito.', 'cm6T84uxWfYhL9EyQDaV2Ygv0v0rbRSP3yZtG3fE.jpg', 1, 2, 9),
(161, '2023-11-24 02:55:03', '2023-11-24 02:55:03', 'desarrolle los líderes que están alrededor de usted', 'méxico grupo nelson', '1', '208', 2, '2023-11-23', 2, 'ISBN-9780881132656', 'desarrollar las cualidades de liderazgo en otros es la manera de asegurar el éxito en el mundo competitivo, porque el recurso singular que aumenta su valor en cualquier organización es la gente. los sistemas se vuelven anticuados, los edificios se deterioran, las maquinarias se oxidan; pero las personas pueden crecer, desarrollarse y volverse más efectivas si tienen al frente un lider que aprecia el valor potencial de ellas.', 'UhaSF55YQM5CdcspYVqd2HVJqNRdlvQqvnMw5Ecx.jpg', 1, 2, 9),
(162, '2023-11-24 02:57:27', '2023-11-24 02:57:27', 'liderazgo y dirección', 'méxico trillas', '1', '116', 2, '2023-11-23', 2, 'ISBN-9682473659', 'con el presente texto el estudiante de administración aprenderá a aplicar los elementos y técnicas de dirección y liderazgo en situaciones prácticas. también desarrollará habilidades directivas y aplicará las principales teorias de liderazgo y técnicas de dirección en situaciones concretas.', 'jzhIXq7IVgmFGHaQ84AjaLxKF39i9XvC879MbY66.jpg', 1, 2, 9),
(163, '2023-11-24 03:00:43', '2023-11-24 03:00:43', 'habilidades directivas', 'méxico mc graw hill', '1', '258', 2, '2023-11-23', 3, 'ISBN-9781068755', 'partiendo de la premisa anterior, en la presente obra se analizari las habilidades que una persona debe adquirir para responder a las necesidades de liderazgo que demanden las circunstancias el lector que se prepara para ser directivo en el futuro tendrá la posibilidad de iniciar la formación de su estilo de liderazgo, y aquel que ya se encuentre al frente de algún grupo de personas podrá analizar su manera de dirigir para depurarla y mejorar sus expectativas de desarrollo profesional.', 'GUZ28RFvkHu58KR1BNQBNITDNtciVIMB1OGSiI0o.jpg', 1, 2, 9),
(164, '2023-11-24 03:03:39', '2023-11-24 03:03:39', 'liderazgo', 'méxico trillas', '1', '108', 2, '2023-11-23', 1, 'ISBN-9682472024', 'la presente obra está dirigida a todos los alumnos de nivel superior y tiene como objetivo crear conciencia de las implicaciones que tiene el liderazgo y la conducción de equipos, a fin de que el estudiante disponga de los elementos básicos que faciliten su desarrollo como lider, tanto en su ambiente educativo como en su comunidad.', '498xFjMmtm1TvGtmZmkvJKV2DdbEKkEpE5d1D1ZI.jpg', 1, 2, 9),
(165, '2023-11-24 03:09:37', '2023-11-24 03:09:37', 'liderazgo estratégico', 'méxico panorama editorial', '1', '146', 2, '2023-11-23', 3, 'ISBN-9683805299', 'los gorriones, las aves más comunes y ordinarias, tienen una con- traparte humana: harry truman. este no se graduó de ninguna universidad, fracasó en su intento empresarial como propletario de una tienda de ropa y fue una solución de compromiso para la vicepresidencia de los estados unidos, sin apoyo publicitario de la ma- quinaria política, sus logros reconocidos fueron pocos hasta antes de acceder a la presidencia, en 1945, a la muerte de franklin d. roosevelt, si bien durante los siete años de su presidencia se elevó como un águi- la, para convertirse en un líder reconocido en los asuntos domésticos e internacionales.', 'CNBWJ0GSsrJ7XTsyJaRpKhomTOVi1rRSJUrcDsPR.jpg', 1, 2, 9),
(166, '2023-11-24 03:16:18', '2023-11-24 03:16:18', 'líder de 360', 'méxico grupo nelson', '1', '308', 2, '2023-11-23', 1, 'ISBN-9780881139037', 'Éstos son panoramas clásicos de liderazgo: william wallace diri- giendo a sus soldados contra el enemigo que quería oprimirlos a él y a su pueblo. winston churchill desafiando la amenaza nazi aun cuando la mayor parte de europa había caído ante los alemanes. mahatma gandhi conduciendo la marcha de las doscientas millas hacia el mar para protestar por el impuesto sobre la sal. mary kay ash surgiendo como una organización de categoría mundial. martin luther king, estando de pie ante el monumento conmemorativo a lincoln y desaffando a la nación mediante su sueño de reconciliación.', '4rcxPJYAhU9yeIVJ7gR4Fhu5A71EDC8mHXciSAfi.jpg', 1, 2, 9),
(167, '2023-11-24 03:24:43', '2023-11-24 03:24:43', 'el lider carismatico', 'méxico mc graw hill', '1', '245', 2, '2023-11-23', 1, 'ISBN-9701001869', 'a comienzos de la década de 1970, la at&t (american tele- phone and telegraph) contrató a una arriesgada y visionaria figura de nombre archie j. mcgill para que se desempeñara como director de mercadeo. este paso carecía de antecedentes en la compañía: nunca antes la at&t había contratado a alguien de fuera para una posición ejecutiva de tan alto nivel.', 'CeNwVUUwFEEYW20j4vunqnUJHkvApSQ4l8aDICAg.jpg', 1, 2, 9),
(168, '2023-11-24 04:18:14', '2023-11-24 04:18:14', 'administrción para emprendedores', 'méxico prentice hall', '1', '241', 2, '2023-11-23', 6, 'ISBN-9789702611301', 'durante los últimos años, un creciente número de personas ha mostrado interés en abrir su propio negocio y estudiar la capacidad empresarial. sin embargo, las situaciones socioeconómicas de los países, la competencia y la falta de información frustran muchas ideas de nuevos negocios.', 'HsmUEvzSb2JoZ1w2ScoBWOL6GWxueyDcRhKbbEi3.jpg', 1, 2, 9),
(169, '2023-11-24 04:22:50', '2023-11-24 04:22:50', 'entrepreneurship', 'boston mc graw hill', '1', '648', 2, '2023-11-23', 7, 'ISBN-9780071259521', 'nacida en kosciusko, mississippi, en 1954, oprah winfrey pasó sus primeros años en una casa sin electricidad ni agua corriente. la educación y los libros ayudaron a oprah a darse cuenta de que eso no era todo lo que había en la vida. como resultado de su arduo trabajo y dedicación, a la edad de 19 años, mientras aún estaba en la escuela secundaria, consiguió su primer trabajo en radiodifusión como reportera de la estación de radio wwol en nashville y simultáneamente se matriculó en la universidad estatal de tennessee para estudiar. oratoria y artes escénicas. ', 'Dv5e60aIZspOsNCLKWCf7BFu8NRGr4TNfCRLG4hr.jpg', 1, 2, 9),
(170, '2023-11-24 04:27:58', '2023-11-24 04:27:58', 'cómo administrar pequeñas y medianas empresas', 'méxico ecasa', '1', '275', 2, '2023-11-23', 3, 'ISBN-968-6317562', 'méxico hoy en día es un país diferente y todos los hombres de empresa tienen que aprender cómo superar la nueva realidad.\n\nla administración de las empresas ha entrado en una nueva fase de su evolución. la complejidad, cada día en aumento, de las actividades, de las operaciones, así como el ininterrumpido crecimiento de las empresas, la competencia, etc., obliga a los hombres de negocios a entender dónde están situados hoy y dónde estarán en un futuro cercano.', 'a7fW8uaGGJSVzjZzdBlnFVi0UjCtrsk20wQRtOcX.jpg', 1, 2, 9),
(171, '2023-11-24 04:30:42', '2023-11-24 04:30:42', 'gestión de la calidad total', 'méxico prentice hall', '1', '323', 2, '2023-11-23', 5, 'ISBN-8483220121', 'un texto introductorio a gestión de la calidad total (tqm) es esencialmente el desarrollo de una ideologia, una filosofía, métodos y acciones, diseñados para satisfacer completamente las necesidades del cliente mediante continuas mejoras.', '2h0pMnuuqPB42aMFE7ZrRpu4yUm46y3Pf0QQ30T3.jpg', 1, 2, 9),
(172, '2023-11-24 04:34:42', '2023-11-25 22:07:50', 'gestión de la calidad y diseño de organizaciones', 'méxico prentice hall', '1', '432', 2, '2023-11-23', 5, 'ISBN-8420529826', 'en su dimensión académica, la aportación del libro corresponde a dos campos temáticos: la gestión de la calidad y el diseño de las organizaciones. en gestión de la calidad la aportación fundamental corresponde a la sistematización de los conceptos y principios que le sirven de base.', 'S9e5cUazTkeEd0xtSRQbhPK2jdZoR4icyO7ZwQxh.jpg', 1, 2, 9),
(173, '2023-11-24 04:37:26', '2023-11-24 04:37:26', 'administración de pequeñas empresas', 'méxico mc graw hill', '1', '346', 2, '2023-11-23', 2, 'ISBN-9786071502889', 'las micro y pequeñas empresas desempeñan un papel preponderante en latinoamérica pues representan, según la estimación del autor, 95% de todas las empresas: además constituyen la principal fuente de empleo y en muchas ocasiones son verdaderos centros de capacitación de los recursos humanos.', 'Vk2idz2WJIXAiuCogJFoEBRXLy9QMFPJpFoCHyFE.jpg', 1, 2, 9),
(174, '2023-11-24 04:42:31', '2023-11-24 04:42:31', 'administración de pequeñas empresas', 'méxico thomson', '1', '683', 2, '2023-11-23', 1, 'ISBN-9706865497', 'atrape sus sueños de emprendimiento y transformelos en la realidad de una pequeña empresa de éxito con la ayuda de este libro lider en el mercado. en el encontrará conceptos prácticos, situaciones reales y recursos probados indispensables para administrar y dingir una pequeña empresa.', '9rB55GV0m74fI79P8HEX8l5da7Wl2vsgukrFZ46K.jpg', 1, 2, 9),
(175, '2023-11-24 04:45:39', '2023-11-24 04:45:39', 'guía de ben chm arking empresarial', 'méxico prentice hall hispanoamericana', '1', '234', 2, '2023-11-23', 1, 'ISBN-9688808911', 'de la misma manera que un equipo de futbol estudia las virtudes y los defec tos de sus oponentes, así los administradores necesitan compararse en relación con los logros de sus competidores... con el fin de sobrevivir y man tenerse a la vanguardia! jerome p. finnigan, el genio del benchmarking, nos enseña cómo aprovechar esta valiosa herramienta para recabar información que conduzca al aumento de la productividad y el rendimiento tanto a nivel personal como a nivel empresarial.', 'TBGNvNOSM0CElOgaIADNhqsWac8CBYKiADdccfb3.jpg', 1, 2, 9),
(176, '2023-11-24 04:48:39', '2023-11-24 04:48:39', 'mejore su negocio', 'méxico alfaomega', '1', '131', 2, '2023-11-23', 3, 'ISBN-9701500083', 'mejore su negocio consta de dos partes: un manual y un cuaderno de trabajo. se pueden utilizar por separado, pero es mejor leerios simultáneamente. ambos contienen ocho secciones y cada una trata sobre una parte importante de su negocio: compras y ventas; fabricación y servicios; mercadeo; contabilidad; costos y precios; contabilidad de gestión; trabajo de oficina; y planificación. cada sección del manual tiene una sección correspondiente en el cuaderno de trabajo, de manera que puede ir fácilmente de uno a otro.', 'xtUfTtHbillrwJdwTGMtQUgQqCGMjHrqUBN78M3v.jpg', 1, 2, 9),
(177, '2023-11-25 21:56:08', '2023-11-25 21:56:08', 'administración de pequeñas empresas', 'méxico mc graw hill', '1', '297', 2, '2023-11-25', 3, 'ISBN-9701003527', 'la presente obra está dirigida a los estudiantes y profesionales que desean iniciarse o que ya laboran en la administración de pequeñas empresas.', 'SG4qB7D9o51OXr3zVHXVUtxwBLTACbHxl2mRpeUY.jpg', 1, 2, 9),
(178, '2023-11-25 21:59:05', '2023-11-25 21:59:05', 'iniciacion y administracion de pequeños y medianos negocios', 'méxico mc graw hill', '1', '316', 2, '2023-11-25', 2, 'ISBN-9586000931', 'constantemente tomamos decisiones económicas y financieras que afectan nues tras vidas y muchas con base en un capricho o después de una apreciación superficial podemos comprar, digamos, un auto porque nos gusta su apariencia, porquie pensa mos que refleja nuestra posición o podemos conducirlo sin un conocimiento mecánico profundo sobre la manera como funciona. ', 'L506OmnrQcXbVcnFyzpsEynPsbKhSmLaqfV7KNdA.jpg', 1, 2, 9),
(179, '2023-11-25 22:02:10', '2023-11-25 22:02:10', 'lo que todo pequeño empresario debe saber', 'méxico alfaomega', '1', '208', 2, '2023-11-25', 3, 'ISBN-9701500105', 'este libro, destinado principalmente a los pequeños empresarios, a quienes quieren llegar a serlo y a los gerentes de empresas pequeñas y medianas, puede ser también de gran provecho para todo hombre de empresa sin excepción y para los consultores en dirección de empresas, especialmente de los países en desarrollo. ', 'dJxdQqxkoRwZs3DKXEw4uLTzjQiZNwpo1J3H5NKe.jpg', 1, 2, 9),
(180, '2023-11-25 22:04:55', '2023-11-25 22:04:55', 'la busqueda de la calidad en los servicios', 'méxico díaz de santos', '1', '652', 2, '2023-11-25', 1, 'ISBN-8479780320', 'la intencion de este libro es describir e ilustrar diferentes conceptos y aspectos de calidad de los servicios de manera que pueda establecerse un coherente programa de calidad con una base solida asimismo quiere mostrar el conocimiento pormenorizado necesario para conseguir un programa de calidad que no sólo produzca exitos sino que se continue con mejoras.', 'JH5DKMJ51DlhCqTIgPurPNOIHJ76THCFM6JDJ8lN.jpg', 1, 2, 9),
(181, '2023-11-25 22:10:51', '2023-11-25 22:10:51', 'tqm: como implementarlo', 'méxico compañia editorial continental', '1', '223', 2, '2023-11-25', 1, 'ISBN-9682612748', '\"el valor de este libro reside en su descripción clara y concisa de los pasos para implantar tqm sin human espejos ni niebla, tan sólo los hechos y métodos escuetos que pueden funcithar y en efecto funcionan.\"', 'Bmu1Z3BTJWBlmadkB799RdaIg3c9uCy3a5nqBsC6.jpg', 1, 2, 9),
(182, '2023-11-25 22:14:09', '2023-11-25 22:14:09', 'tqm: desarrollos avanzados', 'méxico productivity press portland', '1', '566', 2, '2023-11-25', 4, 'ISBN-8487022170', '¿qué es la calidad? esta es una cuestión de múltiples facetas, dificil de contestar en abstracto. es más fácil comprender la calidad considerando su evolución en las empresas lideres. en los estados unikkos y europa, el control de calidad ha formado parte de la inslustria, de una u otra forma, durante más de cien años, y diver- sos conceptos de la calidad han aparecido por primera vez, desa- parecido y vuelto a aparecer. ', 'KXN145stRJTgF5O5jnz4hybE0IVMpIyxCd6a9Oyb.jpg', 1, 2, 9),
(183, '2023-11-25 22:34:47', '2023-11-25 22:34:47', 'manual de administración de sueldos y salarios', 'méxico mc graw hill', '1', '239', 2, '2023-11-25', 2, 'ISBN-9684224648', '¿por que se diseÑa el puesto?\npreguntar por qué los directivos tienen que preocuparse por el diseño del puesto equivale a preguntar si deben preocuparse por la forma en que se hacen las cosas en la organización y quién las hace. en cualquier organización, sea la ferretería del barrio o una corpo-ración internacional, de una u otra manera los puestos han de diseñarse con o sin la participación del directivo.', 'wIklW6NWWvvMt7zxlQFbwf5rEn5rAceqoulvV3yP.jpg', 1, 2, 9),
(184, '2023-11-25 22:42:23', '2023-11-25 22:42:23', 'manual de administración de sueldos y salarios', 'méxico mc graw hill', '2', '158', 2, '2023-11-25', 2, 'ISBN-9684224656', 'históricamente, son pocos los problemas administrativos que han atraido más atención que el de encontrar formas válidas, confiables y prácticas para evaluar el desempeño. la búsqueda se ha caracterizado por los cambios fundamentales en los propósitos y usos del proceso de evaluación y por el considerable perfeccionamiento de las técnicas.', 'xeQkUpBYbMYrSo2VzmiCrcK56a6lqtNpG3nbdFNV.jpg', 1, 2, 9),
(185, '2023-11-25 22:44:47', '2023-11-25 22:44:47', 'manual de administración de sueldos y salarios', 'méxico mc graw hill', '3', '218', 2, '2023-11-25', 2, 'ISBN-9684224664', 'realizar encuestas de mercado es una de las funciones más importantes y puede ser una de las más complejas a cargo del personal de sueldos y salarios. las políticas de compen- sación deben diseñarse para apoyar los objetivos corporativos. ', '3yEFC1EwXLK3TDaUwlTXkI6Va6e1sjDiEsDOhxPu.jpg', 1, 2, 9),
(186, '2023-11-25 22:47:41', '2023-11-25 22:47:41', 'manual de administración de sueldos y salarios', 'méxico mc graw hill', '4', '106', 2, '2023-11-25', 2, 'ISBN-9684224923', 'un buen programa de remuneración se basa en una filosofia o manera de pensar, ast co- mo en procedimientos administrativos eficaces. hay tres formas de pensar que producen diferentes estructuras fisicas y organizacionales. la primera podría denominarse pensa- miento de \"monumento\". lo que se pretende es esculpir la estructura en pledra. se prescinde totalmente de una posible renovación, actualización y modernización.', 'iJ9vVJcGEdwrdFtjttNIXXKlTz0GK7uq7UVK8MtZ.jpg', 1, 2, 9),
(187, '2023-11-28 01:30:48', '2023-11-28 01:30:48', 'psicologia de la conducta industrial', 'méxico mc graw hill', '1', '407', 2, '2023-11-27', 2, 'ISBN-968451199X', 'en 1970, varios cientos de psicólogos trabajaban en estados unidos en dependencias gubernamentales o en empresas privadas.', '2tDo40EELmFIYDim15l9b6iX8CaANt4ltVr7eltI.jpg', 1, 2, 9),
(188, '2023-11-28 01:35:10', '2023-11-28 01:35:10', 'los empledos son primero', 'méxico mc graw hill', '1', '479', 2, '2023-11-27', 2, 'ISBN-9701001850', '\"uno de los pocos libros que combinan una investigación innovadora con sugerencias y recomendaciones muy claras para actuar. es el libro que ha de leer toda campañía que desee lograr el toque mágico en un epoca en que cambios radicales están realizándose en todas las empresas de estados unidos\".', 'ez3xbpONJC8YzhWWizzWTuteZwtyj5tfQZhHRukM.jpg', 1, 2, 9),
(189, '2023-11-28 01:40:12', '2023-11-28 01:40:12', 'previsión y seguridad sociales del trabajo', 'méxico limusa', '1', '527', 2, '2023-11-27', 2, 'ISBN-9681819667', 'esta obra presenta una completa información acerca de los instrumentos e instituiones y seguridad social que funcionan en nuestro país, por lo que resulta un valioso auxiliar para quienes cursan esta materia dentro de sus planes de estudio...', 'wrZshHmkpOuiBfCr0PnQY742LAri9uUl4MCFMSYg.jpg', 1, 2, 9),
(190, '2023-11-28 01:44:53', '2023-11-28 01:44:53', 'calidad de vida en el trabajo antiestrés y creatividad', 'méxico limusa', '1', '182', 2, '2023-11-27', 1, 'ISBN-9682420490', 'a partir del análisis del estrés como causa y efecto de la situación laboral y de la estrecha relación que el trabajo guarda con la creatividad, pierre r. turcotte propone un programa de mejoramiento de la calidad de vida en el trabajo que facilita la reconciliación de los intereses de los empleados con los de la empresa.', 'FcWt4sHxJCxooYKuTNWcZMaOl3HjfBnUrvHtbQs0.jpg', 1, 2, 9),
(191, '2023-11-28 02:11:08', '2023-11-28 02:11:08', 'introduccion a la seguridad social', 'méxico alfaomega', '1', '205', 2, '2023-11-27', 2, 'ISBN-9686223576', 'esta es la tercera edición, totalmente revisada y puesta al día, de un título que figura desde hace muchos años con singular éxito en el catálogo de la oit. la obra se destina tanto al lector común como a los docentes en instrucción para adultos y ja educación obrera. ', 'FIkkx2z2cHY72shJi8ZYZISpBK96JqV27yau8a9V.jpg', 1, 2, 9),
(192, '2023-11-28 02:14:58', '2023-11-28 02:14:58', 'sinopsis de auditoría administrativa', 'méxico trillas', '1', '297', 2, '2023-11-27', 1, 'ISBN-9682438128', 'joaquín rodriguez valencia ofrece en esta obra un panorama integral de la auditoria administrativa, y propone la utilización de herramientas eficaces, así como de una metodología, para tectar las verdaderas causas que dificultan el desarrollo de as empresas, y evaluar la importancia de cada una de estas causas para poder elegir soluciones efectivas. ', 'DHSCcuPhJaoFsUdRH2QjhG217ThA52BbG9aK9NN6.jpg', 1, 2, 9),
(193, '2023-11-28 02:17:04', '2023-11-28 02:17:04', 'direccion por servicio', 'méxico mc graw hill', '1', '240', 2, '2023-11-27', 1, 'ISBN-9684228171', 'cuando los procesos de calidad total se arrancan desde el cliente, desde el servicio, todo adquiere perspectivas distintas: se evitan bloqueos, se alimentan las mejoras de la empresa en forma contínua y se pueden establecer precisos mecanismos de autocontrol de procesos con lo que éstos, sin perderse en ruido innecesario, acuden a los puntos neurálgicos del negocio, edificando la capacidad de competir que los mismos exigen.', 'jgP4X4ZTOBPmMQXEHyO2HA1fTQUU1MgHGvgtucZp.jpg', 1, 2, 9),
(194, '2023-11-28 02:21:02', '2023-11-28 02:21:02', 'el sistema japones de negociacion', 'méxico mc graw hill', '1', '123', 2, '2023-11-27', 1, 'ISBN-9586001407', 'el zuihitsu es un género literario japonés muy cercano al ensayo nuestro, menos formal y más libre. creo que se acomoda muy bien como título a estos comentarios que preceden al texto del profesor enrique ogliastri, quien me ha honrado al solicitármelos.', 'UAFEvA4nZ3BVjuVRCZpeaiiSdBMBIpkU6zcQfJym.jpg', 1, 2, 9),
(195, '2023-11-28 02:25:30', '2023-11-28 02:25:30', 'curso de derecho procesal del trabajo', 'méxico ediciones botas', '1', '295', 2, '2023-11-27', 1, 'ISBN-9780764162336', 'cuando se trata de definir el derecho en cualquiera de sus ramas, se suele hacer referencia al conjunto de normas positivas que lo integran en un determinado pais y a su naturaleza. esta definición del derecho resulta, desde luego, incompleta.', '8NGrNqvbEHwbxOE4x6HJZ2gUvysMefCpHBFQpPZy.jpg', 1, 2, 9),
(196, '2023-11-28 02:27:34', '2023-11-28 02:27:34', 'productividad y seguridad en el trabajo ', 'méxico diana', '1', '347', 2, '2023-11-27', 1, 'ISBN-9681222134', 'este libro muestra como las empreses de bienes y servicios pueden convertir en herramienta de alta productividad una experiencia tan regalive como es el accidente de trabajo.', 'JTX3a3kIZilDkPd6chcLBeC2Y1OxOyCgatjQ1VSy.jpg', 1, 2, 9),
(197, '2023-11-28 02:30:47', '2023-11-28 02:30:47', 'seguridad e higiene en el trabajo', 'méxico alfaomega ', '1', '164', 2, '2023-11-27', 3, 'ISBN-970150481X', 'la seguridad y la higiene laboral son partes integrantes de las condiciones de trabajo. su regulación en la empresa resa y y la aplicación por todos los elementos de la misma hace necesario su conocimiento generalizado. aunque este conocimiento es necesario para los trabajadores, cobra especial necesidad para los mandos responsables de las empresas, puesto que son los que deben conseguir que cada acto productivo se realice con la máxima productividad, y ello no sería posible si se admiten pérdidas-humano o de la propiedad- en su realización.', 'd5VVs7kffxYy8CqJPSiqV9Gan8pSidpomnaRR2v5.jpg', 1, 2, 9),
(198, '2023-11-28 02:47:10', '2023-11-28 02:47:10', 'salud en el trabajo y seguridad industrial', 'méxico alfaomega', '1', '225', 2, '2023-11-27', 2, 'ISBN-9786077076698', 'las actividades preventivas de salud y seguridad en el trabajo son esenciales para tener una producción mayor y de mejor calidad, ya que ayudan a preservar la integridad fisica y el bienestar de los trabajadores. el estado de salud está determinado por las condiciones del ambiente de trabajo y las actividades que allí se ileven a cabo. el siguiente paso es plantear programas y establecer sistemas encaminados a solucionar los problemas ocasionados por falta de medidas para prevenir accidentes y enfermedades laborales.', 'VInQS4x9YHxvDRE0TtnVWCI7pC0hXSCJSREfuKpm.jpg', 1, 2, 9),
(199, '2023-11-28 02:51:14', '2023-11-28 02:51:14', 'manual del seguro social', 'méxico limusa', '1', '241', 2, '2023-11-27', 2, 'ISBN-9681824679', 'sin duda las obligaciones empresariales en materia de se- guro social han adquirido cada día mayor relevancia si sé consideran las graves implicaciones financieras que pueden re- presentar. en esta circunstancia, los ejecutivos encargados de dicha área y los asesores especializados encontrarán en esta obra un tratamiento accesible y ordenado de las disposiciones contenidas en la ley de la materia en cuestión, que les permi- tirá atender con mayor eficacia el manejo de la problemática empresarial.', 'SNId1xjtpZlpu1G9aPNWvHADbgV9McQTuMYwFRFH.jpg', 1, 2, 9),
(200, '2023-11-28 03:23:06', '2023-12-01 03:24:59', 'relaciones huamanas en la mercadotecnia', 'eugene l. dorr', '4', '124', 2, '2023-11-27', 1, 'ISBN-9684514565', 'maría está comiendo, después de la primera mañana en su nuevo empleo en una tienda de departamentos. dedicó la mañana a una clase de orientación, donde la señora martinez explicó las normas y los procedi- mientos de la compañía.', 'Yq8zbKvpiWuvuRm8L6DavINDTG8VcEh9scb8AFrz.jpg', 1, 2, 9),
(201, '2023-11-28 03:25:24', '2023-11-28 03:25:24', 'manual de seguridad e higiene industrial', 'méxico limusa', '1', '181', 2, '2023-11-27', 4, 'ISBN-9681830555', 'esta excelente obra tiene el propósito principal de pro porcionar gran parte del material impreso necesario para un curso general de seguridad e higiene industrial, sin entrar en todos los detalles que contemplan obras más extensas sobre temas específicos. asimismo, puede usarse como auxiliar en un curso más intensivo, brindando a los estudiantes una pers- pectiva que no es posible encontrar en textos más amplios.', 'Itz73kePCMPh0ZFqjIOkUxAnGDY5LR1Ttj1QFOPs.jpg', 1, 2, 9),
(202, '2023-11-28 03:27:58', '2023-11-28 03:27:58', 'técnicas de prevención de riesgos laborales', 'madrid tebar', '1', '832', 2, '2023-11-27', 3, 'ISBN-8473602234', 'este manual de respuesta a los contenidas requeridos por el reglamento de los servicios de prevención para la formacion de nivel superior en prevencion de riesgos laborales, habiendo sido adoptado por numerosas entidades formativas como texto de referencia bibliografia basica.', '3jPVDfcw229kNtZs1OFcmlRM8BjizDrVrHY1a5sT.jpg', 1, 2, 9),
(203, '2023-11-28 03:33:56', '2023-11-28 03:33:56', 'finiquitos y liquidaciones', 'méxico la rosa consultores', '1', '219', 2, '2023-11-27', 1, 'ISBN-cambiarisbn', 'el presente libro, al igual que los demás que he escrito, se caracterizan por su practicidad, ya que de una ma- nera sencilla y directa aborda los temas de interés en esta materia.\n', '1dG72dqGRQdjKtKCNboI1ATMqP4ptK3Drk5k078p.jpg', 1, 2, 9),
(204, '2023-11-28 03:37:44', '2023-11-28 03:37:44', 'mercadeo de productos agropecuarios', 'méxico limusa', '1', '851', 2, '2023-11-27', 2, 'ISBN-9681818571', 'el presente texto llena un vacio en el área de mercadeo, principal mente en el agropecuario; hoy en día los conocimientos en esta materia son fundamentales para todo profesional que esté intimamente vinculado con el sector primario e industrias afines a la actividad comercial de pro- ductos agrícolas y ganaderos.', 'mdwsrDXvoTNaoUix6DJipPQxZYtm6WIT3Q1qC40U.jpg', 1, 2, 9),
(205, '2023-11-28 03:50:59', '2023-11-28 03:50:59', 'seguridad industrial administración y métodos', 'méxico mc graw hill', '1', '342', 2, '2023-11-27', 1, 'ISBN-9684516916', 'un programa de seguridad consiste en numerosos individuos que llevan a cabo muchas actividades con el fin de crear un medio seguro dentro de una organiza- ción. como estas actividades tienen que ver con la protección del trabajador, cualquier cambio con respecto a él puede afectar grandemente la operación de un programa de seguridad.', 'wBsDrgC0d9NYKi0OW4SZl4FrNlDNzEEl7enDEf0y.jpg', 1, 2, 9),
(206, '2023-11-28 03:53:17', '2023-11-28 03:53:17', 'seguridad industrial un enfoque integral', 'méxico limusa', '1', '538', 2, '2023-11-27', 1, 'ISBN-9789681869243', 'la obra enfoca de manera integral les aspectos que inciden en la seguridad desde el punto de vista del análisis y la previsión de los parámetros que conforman la problemática de la seguridad, hasta el análisis de las medidas y resultados que permiten una prevención de accidentes altamente positiva.', '4AcXZvxzaAaZf5Q0eEdokeTITiEPuWrFdgggW9Oh.jpg', 1, 2, 9),
(207, '2023-11-28 03:55:29', '2023-11-28 03:55:29', 'psicología del mexicano en el trabajo', 'méxico mc graw hill', '1', '128', 2, '2023-11-27', 1, 'ISBN-9701001710', '\"unico libro, en mi experiencia como estudioso de la cultura y de la personalidad del mexicano, que recoge el conocimiento adquirido y la aplica a esa importantísima mitad de la vida del mexicano que eso debiera ser, en su provecho y de su familia: su trabajo...lectura indispensable para los empresarios, ejecutivos y trabajadores mexicanos...\"', '7ak8r4bDliv1RFFMAftQrvYHyq19kVa3sQ6gcmGX.jpg', 1, 2, 9),
(208, '2023-11-28 03:57:32', '2023-11-28 03:57:32', 'liderazgo industrial ', 'méxico legis', '1', '209', 2, '2023-11-27', 1, 'ISBN-9589042635', '\"el nuevo libro de dan ciampa constituye una edición muy bien pensada y oportuna a la actual literatura empresarial. para un mundo cada vez más cercano y unos negocios que exigen todos los dias mejor calidad y servicio, este libro es una visión única de la dimensión humana del cambio, que debe producirse tanto en el jefe como en la cultura. ofrece una guia práctica y util para los requerimientos comportamentales que implica el cambio, la creación y el sostenimiento de la nueva cultura que se necesita para competir efectivamente en los actuales mercados mundiales este libro es imprescindible\"', 'IfZQJAKFmTuqIRm3892rS6wJfieuYlUDtzEnaA1O.jpg', 1, 2, 9),
(209, '2023-11-29 21:47:20', '2023-11-29 21:47:20', 'finanzas en administración', 'méxico mc graw hill', '1', '630', 2, '2023-11-29', 1, 'ISBN-9701006658', 'en un mundo dinamico\'s en constante cambio, los admizustradores toare ieros deben ser capaces de anticiparse a los acontecimientos para conquistar los mercados internacionales y optimizar los recursos financieros de las empresas.', 'SnA7bUM6gl6p3AVICruKpEaMVeXRc6LFKCX4zHMJ.jpg', 1, 2, 9),
(210, '2023-11-29 21:55:20', '2023-11-29 21:55:20', 'el plan de negocios del emprendedor', 'méxico mc graw hill', '1', '211', 2, '2023-11-29', 4, 'ISBN-9701003543', 'dadas las actuales condiciones de competitividad y globalización, el surgimiento de una empresa debe contar con un planteamiento estratégico para conquistar el mercado, ésta es la base para la publicación de la presente obra.', 'DW3fwszfAdygEbFakG3BSXSejI9QLTSNl8BCAIuI.jpg', 1, 2, 9),
(211, '2023-11-29 21:58:28', '2023-11-29 21:58:28', 'administracion de personal', 'méxico prentice hall hispanoamericana', '1', '811', 2, '2023-11-29', 2, 'ISBN-9688801917', 'el propósito de este capitulo es explicar qué es la administración de personal y el esquema de este libro. se verá que la administración de personal-actividades ta- les como reclutamiento, contratación, capacitación, evaluación y pago a los empleados es parte de la responsabilidad de todo gerente y al mismo tiempo una función staff, función en la que el director de personal apoya a todos los ge- rentes de manera importante.', 'ucHEc10e1A2OU3EebHEbpDISilNz5ffMWhdpG6Za.jpg', 1, 2, 9),
(212, '2023-11-29 22:08:11', '2023-11-29 22:08:11', 'la empresa hacia el año 2010', 'méxico alfaomega marcombo', '1', '162', 2, '2023-11-29', 3, 'ISBN-9701500326', 'en la empresa hacia el año 2010, sua utor experto en empresas empresariales y profundo conocedor de la realidad industrial europea y americana, presenta de manera clara y concisa los prinicipios fundamentales en que debe basarse la gestión de toda la empresa industrial para poder sobrevivir en el entorno cada vez mas competitivos.', 'HIlmoNYz1P86JG3vQU3GDbC8wsiytXn3UkVyy6Gc.jpg', 1, 2, 9),
(213, '2023-11-29 22:12:23', '2023-11-29 22:12:23', 'organización de empresas', 'barcelona editorial hispano europea', '1', '608', 2, '2023-11-29', 8, 'ISBN-9684100183', '¿qué es una oportunidad comercial sino una ocasión para ganar dinero? ello se puede conseguir:\nfacilitando productos o prestando servicios de los que se precisa a un precio y en cantidad lo suficientemente elevados, asi como a un coste lo bastante bajo, para conseguir un beneficio.', '04BjR9FZPyMXapZOWN37op7gBi21GTjFS6OBHr3s.jpg', 1, 2, 9),
(214, '2023-11-29 22:15:37', '2023-11-29 22:15:37', 'planeación y organización de empresas', 'méxico mc graw hill', '1', '430', 2, '2023-11-29', 3, 'ISBN-9701004353', 'la finalidad de esta obra es servir como libro de texto a guía didáctica para pinnear y organtiar una emr usa, tanto pública como privada.\nel enfoque cal libro es práctico y ofrece metodologías para el buen pianieumiento y logro de los objetivos empresariates. asimismo, es muy útil para formular manuales de organización y procedimientos.', 'oMDj5VdrhU6pfrBo10LaaGaHTzk1pJ9MvcqjUE1p.jpg', 1, 2, 9);
INSERT INTO `libros` (`id`, `created_at`, `updated_at`, `titulo`, `edicion`, `tomo`, `paginas`, `categoria_id`, `fecha`, `cantidad`, `isbn`, `descripcion`, `imagen`, `publicado`, `user_id`, `estante_id`) VALUES
(215, '2023-12-01 02:10:00', '2023-12-01 02:10:00', 'Ética empresarial', 'méxico alfaomega ediciones universidad catolica de chile', '1', '106', 2, '2023-11-30', 1, 'ISBN-9789701513309', 'ofertas de coimas (sobornos), información privilegiada, conductas ilegales al interior de la empresa son algunos de los posibles escenarios que tendrá que enfrentar un ejecutivo en su carrera y que requerirán de una resolución firme de su parte.\n', 'GJi1ItaIWFK96hntPhyK9X74jZ4tySB5SvSlccPd.jpg', 1, 2, 9),
(216, '2023-12-01 02:11:48', '2023-12-01 02:11:48', 'plan de negocios para emprendedores al éxito', 'méxico mc graw hill', '1', '108', 2, '2023-11-30', 3, 'ISBN-9701059344', 'la presente obra brinda una sencilla metodologia que consiste en una secuencia de pasos que gulan a toda persona que desea planear y evaluar un proyecto para convertirlo en realidad.\ncuando un emprendedor desea iniciar un nuevo proyecto, ya sea lucrativo o no, debe auxillarse de una herramienta para incrementar su probabilidad de éxito: un plan de negocios; éste le permite realizar un proceso de planeación que le ayuda a seleccionar el camino adecuado para el logro de sus metas y objetivos, convirtiéndose en la gula de sus actividades diarias.', 'a1fpUyrAKmylmg8JVb1hqOQfnsXZblS9SgECp2Hl.jpg', 1, 2, 9),
(217, '2023-12-01 02:13:58', '2023-12-01 02:13:58', 'relaciones humanas comportamiento humano en el trabajo', 'méxico pearson educación', '1', '358', 2, '2023-11-30', 3, 'ISBN-970261080X', 'tener éxito en cualquier puesto que suponga interacción con la gente exige dos amplias series de competencias; habilidades funcionales y habilidades genéricas las habilidades funcionales se refieren al conocimiento de la propia disciplina, habi lidades técnicas habilidades especializadas o sencillamente detalles del empleo. ', '0yU5NE4MmWWDCKScdsRNj7TtN8wFIzs7F5HPM0ro.jpg', 1, 2, 9),
(218, '2023-12-01 02:16:58', '2023-12-01 02:16:58', 'Ética en las organizaciones construyendo confianza', 'méxico pearson prentice hall', '1', '357', 2, '2023-11-30', 2, 'ISBN-9788420546223', 'este manual va dirigido a estudiantes universitarios que cursan asignaturas de ética aplicada, y a profesionales del. mundo de las organizaciones interesados en profundizar en el estudio de la dimensión ética del comportamiento humano. cada capitulo contiene abundantes esquemas, cuadros y figuras que facilitan visualmente el estudio.', '9ko9NKgzrMWPUeqU3gwRQsDk7ZcA0fDHGO7aHdtK.jpg', 1, 2, 9),
(219, '2023-12-01 02:21:26', '2023-12-01 02:21:26', 'Ética en los negocios', 'méxico thomson', '1', '517', 2, '2023-11-30', 2, 'ISBN-9706866325', 'las decisiones eticas no se gestan en el vacio, y mucha gente, de la que se enfrenta a sus propios intereses y las normas éticas, se ve involucrada a shario en conflictos de negocios. esta obra aborda los aspectos controversiales de la ética en los negocios que deben confrontar los individuos, los grupos, las corporaciones, y aún las naciones.', 'je0Ok1TayigAZIGRZZnShWlAJiwCcD47AywwTOCj.jpg', 1, 2, 9),
(220, '2023-12-01 02:24:19', '2023-12-01 02:24:19', 'Ética en los negocios conceptos y casos', 'méxico pearson educación', '1', '437', 2, '2023-11-30', 1, 'ISBN-9702607876', 'Ética en los negocios: conceptos y casos es un libro de amplio interés. las empresas del mundo continúan con la globalización a un ritmo cada vez más acelerado, la tecnología se sigue desarrollando a gran velocidad y los escándalos en los negocios continuan proliferando. por consiguiente, resulta esencial estudiar esta obra para incorporar los nuevos aspectos éticos a los que nos enfrentamos por este fenómeno.', 'jqvc3GblyL3eHocUS0EQRhZGWihj0VVW5iYLmS6M.jpg', 1, 2, 9),
(221, '2023-12-01 02:26:31', '2023-12-01 02:26:31', 'distribucion comercial', 'méxico mc graw hill', '1', '234', 2, '2023-11-30', 2, 'ISBN-8448100344', 'la separación geográfica entre compradores y vendedores, la imposibilidad de situar la fabrica frente al consumidor hacen necesario el traslado de bienes y servicios desde su lugar de producción hasta el consumidor, esta función se conoce con el nombre de distribución.', 'GhSVMsPTqQigPWtcY0bEMI0LAYf6BjI7TL1GjkUn.jpg', 1, 2, 9),
(222, '2023-12-01 02:29:54', '2023-12-01 02:29:54', 'mercadotecnia', 'méxico mc graw hill', '1', '273', 2, '2023-11-30', 3, 'ISBN-9786071505392', 'la cuarta edición de mercadotecnia mantiene su principal objetivo que es proporcionar al estudiante o profesional del área un marco teórico de la mercadotecnia, basado en aplicaciones a méxico y latinoamérica, que le permita tomar decisiones fundamentadas sobre la comercialización de su producto o servicio.', 'VEBbK52Oirti1gAgHNPNNENTsdhDxCsOOckVyK6r.jpg', 1, 2, 9),
(223, '2023-12-01 02:33:19', '2023-12-01 02:33:19', 'descubra el valor de su cliente', 'méxico prentice hall hispanoamericana', '1', '424', 2, '2023-11-30', 1, 'ISBN-9688807605', 'curt reimann es el líder más inimaginable: químico timido que ha pasado casi toda su carrera en gaithersburg, maryland, en la national bureau of standards y el sucesor de ésta, el national institute of standards and technology.\nno ha tenido mucha experiencia en los negocios, pero sin duda no le ha faltado visión. desde la segunda guerra mundial, en muchos decenios nadie ha hecho tanto por implantar el pensamiento administrativo en estados unidos.', 'bUVtw7yZ0mLsrozpKOdOdyDshjBVRMPjXhPiNCwA.jpg', 1, 2, 9),
(224, '2023-12-01 03:01:02', '2023-12-01 03:01:02', 'cómo medir la satisfacción del cliente ', 'méxico oxford university press', '1', '271', 2, '2023-11-30', 5, 'ISBN-9701512154', 'esta obra ha sido un éxito desde que salió al mercado en 1992; la segunda edición ofrece información detallada sobre cómo elaborar, evaluar y aplicar los cuestionarios. en esta edición hay un capitulo nuevo acerca de los diversos métodos de muestreo, que explica cómo determinar el tamaño adecuado de las muestras para obtener resultados confiables.', 'w5YmGQULd0jmb9b3mHTq6PDBmSkLvgRIwbJ6W9Ef.jpg', 1, 2, 9),
(225, '2023-12-01 03:04:00', '2023-12-01 03:04:00', 'warranties', 'méxico mc graw hill', '1', '341', 2, '2023-11-30', 1, 'ISBN-0070075670', 'ya sea usted un proveedor o un cliente del sector comercial o gubernamental, este libro le mostrará cómo utilizar las garantías como una poderosa herramienta para ayudar a garantizar la calidad y la rentabilidad.', 'pFmbCRNCgcBt6VXHvFtJOga2yARCJ0X2W0pFLNaM.jpg', 1, 2, 9),
(226, '2023-12-01 03:07:21', '2023-12-01 03:07:21', 'el servicio centrado en el cliente', 'méxico ediciones díaz de santos', '1', '346', 2, '2023-11-30', 11, 'ISBN-8487189962', 'si los negocias de su organización profesional no se comportan como usted desearia y está tratando de encontrar una via que sea eficaz en la relación coste-beneficio para incrementar su productividad y rentabilidad, he aqui un método poco costoso que puede poner en practica de inmediato utilizando los recursos que ya posee en su organización.', 'FeFFKLSVibJqPXEVjPTodHhjnDyi7385bfctrepM.jpg', 1, 2, 9),
(227, '2023-12-01 03:21:05', '2023-12-01 03:21:05', 'servicio a clientes', 'méxico mc graw hill', '10', '137', 2, '2023-11-30', 1, 'ISBN-968451476X', 'cuando luisa salía de su oficina, observó que los em- pleados de una compañía de máquinas para oficina probaban unas calculadoras nuevas en el departa- mento de contabilidad. se detuvo en el banco situado en el edificio, buscó su saldo en la estación termi- nal de la computadora y luego retiró una cantidad de dinero de su cuenta de cheques.', '38kMhLLGZX7ySmiJz0Tuso3InbWzpwdiigywW4Mv.jpg', 1, 2, 9),
(228, '2023-12-01 03:31:09', '2023-12-01 03:31:09', 'servicios de calidad al cliente la cortesía en el trabajo', 'méxico trillas', '1', '82', 2, '2023-11-30', 1, 'ISBN-9682433215', 'no solo los hoteles, moteles y restaurantes, sino toda organización que dependa del cliente para hacer un buen negocio, requieren de sus empleados la responsabilidad de proporcionar servicios de calidad, porque es en este facator donde se generan las fuentes de ingresos.', '6SgcOP0Zr1YJuazpGVUHPySkO4fnNkPGfVcRoMNp.jpg', 1, 2, 9),
(229, '2023-12-01 03:33:26', '2023-12-01 03:33:26', 'logistica empresarial control y planificacion', 'méxico ediciones díaz de santos', '1', '655', 2, '2023-11-30', 2, 'ISBN-8487189687', 'la logistica empresarial, disciplina en la que se agrupan y coordinan actividades como el abastecimiento, el transporte o el control de inventarios, es un elemento vital para el buen funcionamiento de cualquier empresa.', 'x1iw3MbK47PirXhiFOZTINxCAA5Ex5RcTBKbSGyd.jpg', 1, 2, 9),
(230, '2023-12-01 03:48:57', '2023-12-01 03:48:57', 'marketing competitivo', 'méxico ediciones díaz de santos', '1', '603', 2, '2023-11-30', 2, 'ISBN-8487189776', 'el profesor o\'shaughnessey presenta toda la experiencia y conocimientos del marketing norteamericano sin caer en ninguna de sus exageraciones y sin un uso excesivo de la jerga propia de esta área... su texto, claro y analitico, está complementado con excelentes diagramas...', 'CGuhKWyAaacZCAxwzU3RJ1AoGe0BywFSRZMjgzRg.jpg', 1, 2, 9),
(231, '2023-12-01 03:59:39', '2023-12-01 03:59:39', 'marketing de servicios conceptos y estrategias', 'méxico mc graw hill', '1', '277', 2, '2023-11-30', 2, 'ISBN-9701001176', 'el mercadeo de servicios, comienza a ser reconocido y aceptado como una disciplina de mercadeo, ya que ha sido significativo el crecimiento del sector de servicios en diferentes países del mundo, lo que a su vez ha generado el surgimiento de una literatura especializada, en los últimos años.\n', 'vQHVGSRXog7SDSY06gBYwS07hqQKAnBGuLcNtgfL.jpg', 1, 2, 9),
(232, '2023-12-01 04:01:57', '2023-12-01 04:01:57', 'tráfico internacional administración y aplicaciones', 'méxico limusa', '1', '135', 2, '2023-11-30', 2, 'ISBN-9681820665', 'al escribir esta obra, el autor consideró las necesidades existentes de un texto práctico y actualizado en materia de tráfico internacional para proveer tanto al estudiante de ad ministración como at de comercio internacional, de cono cimientas que faciliten su desarrollo dentro de los departa mentos de tráfico o de compras en las empresas.', 'uRCxBeakDIVYi1RbXbxH7UPij9yeNt3RXeDEdsSO.jpg', 1, 2, 9),
(233, '2023-12-01 04:04:33', '2023-12-01 04:04:33', 'dirección de marketing', 'méxico pearson educación', '1', '718', 2, '2023-11-30', 4, 'ISBN-9684444223', 'se ha llamado a esta edición la edicion del milenio porque aparece cuando inicia un nue- vo milenio y justo cuando el ritmo de los cambios en el mercado se está acelerando. es, por tanto, una oportunidad para seleccionar lo mejor de las teorías y prácticas del pasa- do e introducir lastevas ideas, herramientas y practicas de marketing que las empresas necesitarán para operar con éxito en el nuevo milenio.', 'xEP5isthPVleMBDXejVy72XhxD9FZz2LPQGJCePH.jpg', 1, 2, 9),
(234, '2023-12-01 04:12:04', '2023-12-01 04:12:04', 'claves del exito en telemarketing', 'méxico ediciones diaz de santos', '1', '227', 2, '2023-11-30', 2, 'ISBN-8487189547', 'para comprender la realidad del marketing telefónico y saber utilizarlo, lo mejor es compartir las experiencias de un gran especialista. eso es lo que se ha propuesto en este libro bernard caïazzo, donde se exponen y explican los más grandes éxitos del telemarketing.', 'SoNHQDJcr8TSwOUhETsytq9ZxDEmhuG5QWjuMexc.jpg', 1, 2, 9),
(235, '2023-12-01 04:27:09', '2023-12-01 04:27:09', 'como evaluar su publicidad', 'méxico ediciones díaz de santos', '1', '133', 2, '2023-11-30', 2, 'ISBN-8486251982', 'antes que nada debemos dejar establecido que la actividad publicitaria cae dentro del marco general de los procesos de comunicación, razón por la cual debemos analizar rápidamente estos procesos antes de adentrarnos más a fondo en lo que es la publicidad en si.', 'WlftsqwA0NfaSjuM3XRSgaz48A0nRkBl1Krf0HqA.jpg', 1, 2, 9),
(236, '2023-12-01 04:28:56', '2023-12-01 04:28:56', 'el marketing mix: concepto,estrategia y aplicaciones', 'méxico ediciones díaz de santos', '1', '165', 2, '2023-11-30', 1, 'ISBN-848789709', 'como au nombre indica esta primera parte está dedicada al analima de los conceptos que se encuentran en la base del marketing mix. ahora best, al hablar de conceptos, de una manera u otra, nos estamos refiriendo a deting cioness, ea decir explicación razonada de en qué consiste una cosa.', 'Hhysj7raBTIjIz0c8NzFgtMecfmN63acGBt2F4vc.jpg', 1, 2, 9),
(237, '2023-12-01 04:32:46', '2023-12-01 04:41:18', 'calidad de servicio', 'méxico ediciones diaz de santos', '1', '274', 2, '2023-11-30', 1, 'ISBN-8479780010', 'la teoría de la calidad tiene ya su pequeña historia. philip b. crosby. w. edwards deming. armand v. feigenbaum y joseph m. juran son probable- mente las figuras más señeras y reconocidas de esta aventura intelectual y empre sarial que es el dominio de la calidad.', 'DNJiyM5GwatgRSW3QhGmcVmJY6Ew5Y2WcM95Hbzv.jpg', 1, 2, 9),
(238, '2023-12-01 04:36:24', '2023-12-01 04:36:24', 'dirección de marketing', 'méxico pearson educación', '1', '657', 2, '2023-11-30', 1, 'ISBN-9786073212458', 'actualmente, las empresas ofrecen bienes y servicios a través de una amplia y nueva variedad de canales de venta, directos e indirectos, y los clientes ahora dicen a las empresas qué tipo de productos o servicios desean y cuándo donde cómo quieren comprarlos. asimismo, los consumidores comparten le que piensan sobre las empresas productos específicos a través del correo lectrónico, los blogs y demás medios digitales\n.', 'AcJO2qeYZ7P1nCOQVpBSuFC5miWLNdGOuIK2YZMh.jpg', 1, 2, 9),
(239, '2023-12-01 04:39:27', '2023-12-01 04:39:27', 'administración de marketing un enfoque en la toma estrategica de desiciones', 'méxico mc graw hill', '1', '518', 2, '2023-11-30', 3, 'ISBN-9701059158', 'este libro se diferencia de otros por su enfoque en la toma estratégica de decisiones: mientras que los demás títulos le dan más importancia a la descripción de los fenómenos del imarketing, éste subraya las decisiones estratégicas y técticas que administradores y empresarios deben tomar a diario.\n', 'URcjK9s0MXYls891qLEYRWIhJABAtDfp0jOAh2na.jpg', 1, 2, 9);

-- --------------------------------------------------------

--
-- Estructura de tabla para la tabla `libro_prestamo`
--

CREATE TABLE `libro_prestamo` (
  `id` bigint UNSIGNED NOT NULL,
  `alumno_id` bigint UNSIGNED NOT NULL,
  `libro_id` bigint UNSIGNED NOT NULL,
  `prestamo_id` bigint UNSIGNED NOT NULL,
  `created_at` timestamp NULL DEFAULT NULL,
  `updated_at` timestamp NULL DEFAULT NULL
) ENGINE=InnoDB DEFAULT CHARSET=utf8mb4 COLLATE=utf8mb4_unicode_ci;

-- --------------------------------------------------------

--
-- Estructura de tabla para la tabla `migrations`
--

CREATE TABLE `migrations` (
  `id` int UNSIGNED NOT NULL,
  `migration` varchar(255) COLLATE utf8mb4_unicode_ci NOT NULL,
  `batch` int NOT NULL
) ENGINE=InnoDB DEFAULT CHARSET=utf8mb4 COLLATE=utf8mb4_unicode_ci;

--
-- Volcado de datos para la tabla `migrations`
--

INSERT INTO `migrations` (`id`, `migration`, `batch`) VALUES
(1, '2014_10_12_000000_create_users_table', 1),
(2, '2014_10_12_100000_create_password_reset_tokens_table', 1),
(3, '2019_08_19_000000_create_failed_jobs_table', 1),
(4, '2019_12_14_000001_create_personal_access_tokens_table', 1),
(5, '2023_03_17_024429_add_rol_to_users_table', 1),
(6, '2023_03_18_232922_create_libro_table', 1),
(7, '2023_03_19_033515_create_categorias_table', 1),
(8, '2023_03_19_043624_add_columns_to_libros_table', 1),
(9, '2023_03_22_044712_create_table_autor', 1),
(10, '2023_03_23_031856_create_autor_libro_table', 1),
(11, '2023_04_21_024213_create_headers_table', 1),
(12, '2023_04_29_192055_create_estantes_table', 1),
(13, '2023_04_29_192924_add_columns_to_libros_table', 1),
(14, '2023_06_12_024247_create_alumnos_table', 1),
(15, '2023_09_29_000955_create_prestamos_table', 1),
(16, '2023_09_29_001122_add_columns_to_prestamos', 1),
(17, '2023_10_02_003350_create_libro_prestamo_table', 1),
(18, '2023_10_09_230609_create_tipo_prestamos_table', 1),
(19, '2023_10_09_235354_add_columns_to_prestamos', 1);

-- --------------------------------------------------------

--
-- Estructura de tabla para la tabla `password_reset_tokens`
--

CREATE TABLE `password_reset_tokens` (
  `email` varchar(255) COLLATE utf8mb4_unicode_ci NOT NULL,
  `token` varchar(255) COLLATE utf8mb4_unicode_ci NOT NULL,
  `created_at` timestamp NULL DEFAULT NULL
) ENGINE=InnoDB DEFAULT CHARSET=utf8mb4 COLLATE=utf8mb4_unicode_ci;

-- --------------------------------------------------------

--
-- Estructura de tabla para la tabla `personal_access_tokens`
--

CREATE TABLE `personal_access_tokens` (
  `id` bigint UNSIGNED NOT NULL,
  `tokenable_type` varchar(255) COLLATE utf8mb4_unicode_ci NOT NULL,
  `tokenable_id` bigint UNSIGNED NOT NULL,
  `name` varchar(255) COLLATE utf8mb4_unicode_ci NOT NULL,
  `token` varchar(64) COLLATE utf8mb4_unicode_ci NOT NULL,
  `abilities` text COLLATE utf8mb4_unicode_ci,
  `last_used_at` timestamp NULL DEFAULT NULL,
  `expires_at` timestamp NULL DEFAULT NULL,
  `created_at` timestamp NULL DEFAULT NULL,
  `updated_at` timestamp NULL DEFAULT NULL
) ENGINE=InnoDB DEFAULT CHARSET=utf8mb4 COLLATE=utf8mb4_unicode_ci;

-- --------------------------------------------------------

--
-- Estructura de tabla para la tabla `prestamos`
--

CREATE TABLE `prestamos` (
  `id` bigint UNSIGNED NOT NULL,
  `fecha_inicio` date NOT NULL,
  `fecha_limite` date NOT NULL,
  `user_id` bigint UNSIGNED NOT NULL,
  `cantidad` int NOT NULL,
  `folio` varchar(255) COLLATE utf8mb4_unicode_ci NOT NULL,
  `created_at` timestamp NULL DEFAULT NULL,
  `updated_at` timestamp NULL DEFAULT NULL,
  `tipo_prestamo_id` bigint UNSIGNED NOT NULL
) ENGINE=InnoDB DEFAULT CHARSET=utf8mb4 COLLATE=utf8mb4_unicode_ci;

-- --------------------------------------------------------

--
-- Estructura de tabla para la tabla `tipo_prestamos`
--

CREATE TABLE `tipo_prestamos` (
  `id` bigint UNSIGNED NOT NULL,
  `nombre` varchar(255) COLLATE utf8mb4_unicode_ci NOT NULL,
  `created_at` timestamp NULL DEFAULT NULL,
  `updated_at` timestamp NULL DEFAULT NULL
) ENGINE=InnoDB DEFAULT CHARSET=utf8mb4 COLLATE=utf8mb4_unicode_ci;

--
-- Volcado de datos para la tabla `tipo_prestamos`
--

INSERT INTO `tipo_prestamos` (`id`, `nombre`, `created_at`, `updated_at`) VALUES
(1, 'Primer préstamo', '2023-11-09 03:52:24', '2023-11-09 03:52:24'),
(2, 'Renovación', '2023-11-09 03:52:24', '2023-11-09 03:52:24');

-- --------------------------------------------------------

--
-- Estructura de tabla para la tabla `users`
--

CREATE TABLE `users` (
  `id` bigint UNSIGNED NOT NULL,
  `name` varchar(255) COLLATE utf8mb4_unicode_ci NOT NULL,
  `email` varchar(255) COLLATE utf8mb4_unicode_ci NOT NULL,
  `password` varchar(255) COLLATE utf8mb4_unicode_ci NOT NULL,
  `remember_token` varchar(100) COLLATE utf8mb4_unicode_ci DEFAULT NULL,
  `created_at` timestamp NULL DEFAULT NULL,
  `updated_at` timestamp NULL DEFAULT NULL,
  `rol` int NOT NULL
) ENGINE=InnoDB DEFAULT CHARSET=utf8mb4 COLLATE=utf8mb4_unicode_ci;

--
-- Volcado de datos para la tabla `users`
--

INSERT INTO `users` (`id`, `name`, `email`, `password`, `remember_token`, `created_at`, `updated_at`, `rol`) VALUES
(1, 'Mari Sanchez', 'msanchez@code.com', '$2y$10$T9BHPRhYM/1xhnJpu6cwCeDqlGtxoOrkiQeFcreGQ8o26tELlglT2', NULL, '2023-11-09 03:52:23', '2023-11-09 03:52:23', 1),
(2, 'Meli Gameros', 'gmeli@code.com', '$2y$10$bXZ6hb12k2EEBGY/cmhpcuRgqg3M03erEnNnt3F..PMuMPmrcCAYy', NULL, '2023-11-09 03:52:24', '2023-11-09 03:52:24', 1),
(3, 'Carlos Martinez', 'devero@code.com', '$2y$10$NdRt/ssczpDMjyueqHhy5.zlJJN3Go6aKbqhaRvBv7pHnrScsW8fC', NULL, '2023-11-09 03:52:24', '2023-11-09 03:52:24', 1),
(4, 'Edgar Devero', 'edgar@devero.com', '$2y$10$aZxmRL0WHaiHDa4JivoUOeo2affLeTrZtC42fvtqZkemsotMROPRa', NULL, '2023-11-09 03:52:24', '2023-11-09 03:52:24', 2);

--
-- Índices para tablas volcadas
--

--
-- Indices de la tabla `alumnos`
--
ALTER TABLE `alumnos`
  ADD PRIMARY KEY (`id`);

--
-- Indices de la tabla `autores`
--
ALTER TABLE `autores`
  ADD PRIMARY KEY (`id`);

--
-- Indices de la tabla `autor_libro`
--
ALTER TABLE `autor_libro`
  ADD PRIMARY KEY (`id`),
  ADD KEY `autor_libro_autores_id_foreign` (`autores_id`),
  ADD KEY `autor_libro_libros_id_foreign` (`libros_id`);

--
-- Indices de la tabla `categorias`
--
ALTER TABLE `categorias`
  ADD PRIMARY KEY (`id`);

--
-- Indices de la tabla `estantes`
--
ALTER TABLE `estantes`
  ADD PRIMARY KEY (`id`);

--
-- Indices de la tabla `failed_jobs`
--
ALTER TABLE `failed_jobs`
  ADD PRIMARY KEY (`id`),
  ADD UNIQUE KEY `failed_jobs_uuid_unique` (`uuid`);

--
-- Indices de la tabla `headers`
--
ALTER TABLE `headers`
  ADD PRIMARY KEY (`id`);

--
-- Indices de la tabla `libros`
--
ALTER TABLE `libros`
  ADD PRIMARY KEY (`id`),
  ADD UNIQUE KEY `libros_isbn_unique` (`isbn`),
  ADD KEY `libros_categoria_id_foreign` (`categoria_id`),
  ADD KEY `libros_user_id_foreign` (`user_id`),
  ADD KEY `libros_estante_id_foreign` (`estante_id`);

--
-- Indices de la tabla `libro_prestamo`
--
ALTER TABLE `libro_prestamo`
  ADD PRIMARY KEY (`id`),
  ADD KEY `libro_prestamo_alumno_id_foreign` (`alumno_id`),
  ADD KEY `libro_prestamo_libro_id_foreign` (`libro_id`),
  ADD KEY `libro_prestamo_prestamo_id_foreign` (`prestamo_id`);

--
-- Indices de la tabla `migrations`
--
ALTER TABLE `migrations`
  ADD PRIMARY KEY (`id`);

--
-- Indices de la tabla `password_reset_tokens`
--
ALTER TABLE `password_reset_tokens`
  ADD PRIMARY KEY (`email`);

--
-- Indices de la tabla `personal_access_tokens`
--
ALTER TABLE `personal_access_tokens`
  ADD PRIMARY KEY (`id`),
  ADD UNIQUE KEY `personal_access_tokens_token_unique` (`token`),
  ADD KEY `personal_access_tokens_tokenable_type_tokenable_id_index` (`tokenable_type`,`tokenable_id`);

--
-- Indices de la tabla `prestamos`
--
ALTER TABLE `prestamos`
  ADD PRIMARY KEY (`id`),
  ADD KEY `prestamos_user_id_foreign` (`user_id`),
  ADD KEY `prestamos_tipo_prestamo_id_foreign` (`tipo_prestamo_id`);

--
-- Indices de la tabla `tipo_prestamos`
--
ALTER TABLE `tipo_prestamos`
  ADD PRIMARY KEY (`id`);

--
-- Indices de la tabla `users`
--
ALTER TABLE `users`
  ADD PRIMARY KEY (`id`),
  ADD UNIQUE KEY `users_email_unique` (`email`);

--
-- AUTO_INCREMENT de las tablas volcadas
--

--
-- AUTO_INCREMENT de la tabla `alumnos`
--
ALTER TABLE `alumnos`
  MODIFY `id` bigint UNSIGNED NOT NULL AUTO_INCREMENT;

--
-- AUTO_INCREMENT de la tabla `autores`
--
ALTER TABLE `autores`
  MODIFY `id` bigint UNSIGNED NOT NULL AUTO_INCREMENT, AUTO_INCREMENT=379;

--
-- AUTO_INCREMENT de la tabla `autor_libro`
--
ALTER TABLE `autor_libro`
  MODIFY `id` bigint UNSIGNED NOT NULL AUTO_INCREMENT, AUTO_INCREMENT=434;

--
-- AUTO_INCREMENT de la tabla `categorias`
--
ALTER TABLE `categorias`
  MODIFY `id` bigint UNSIGNED NOT NULL AUTO_INCREMENT, AUTO_INCREMENT=10;

--
-- AUTO_INCREMENT de la tabla `estantes`
--
ALTER TABLE `estantes`
  MODIFY `id` bigint UNSIGNED NOT NULL AUTO_INCREMENT, AUTO_INCREMENT=35;

--
-- AUTO_INCREMENT de la tabla `failed_jobs`
--
ALTER TABLE `failed_jobs`
  MODIFY `id` bigint UNSIGNED NOT NULL AUTO_INCREMENT;

--
-- AUTO_INCREMENT de la tabla `headers`
--
ALTER TABLE `headers`
  MODIFY `id` bigint UNSIGNED NOT NULL AUTO_INCREMENT;

--
-- AUTO_INCREMENT de la tabla `libros`
--
ALTER TABLE `libros`
  MODIFY `id` bigint UNSIGNED NOT NULL AUTO_INCREMENT, AUTO_INCREMENT=240;

--
-- AUTO_INCREMENT de la tabla `libro_prestamo`
--
ALTER TABLE `libro_prestamo`
  MODIFY `id` bigint UNSIGNED NOT NULL AUTO_INCREMENT;

--
-- AUTO_INCREMENT de la tabla `migrations`
--
ALTER TABLE `migrations`
  MODIFY `id` int UNSIGNED NOT NULL AUTO_INCREMENT, AUTO_INCREMENT=20;

--
-- AUTO_INCREMENT de la tabla `personal_access_tokens`
--
ALTER TABLE `personal_access_tokens`
  MODIFY `id` bigint UNSIGNED NOT NULL AUTO_INCREMENT;

--
-- AUTO_INCREMENT de la tabla `prestamos`
--
ALTER TABLE `prestamos`
  MODIFY `id` bigint UNSIGNED NOT NULL AUTO_INCREMENT;

--
-- AUTO_INCREMENT de la tabla `tipo_prestamos`
--
ALTER TABLE `tipo_prestamos`
  MODIFY `id` bigint UNSIGNED NOT NULL AUTO_INCREMENT, AUTO_INCREMENT=3;

--
-- AUTO_INCREMENT de la tabla `users`
--
ALTER TABLE `users`
  MODIFY `id` bigint UNSIGNED NOT NULL AUTO_INCREMENT, AUTO_INCREMENT=5;

--
-- Restricciones para tablas volcadas
--

--
-- Filtros para la tabla `autor_libro`
--
ALTER TABLE `autor_libro`
  ADD CONSTRAINT `autor_libro_autores_id_foreign` FOREIGN KEY (`autores_id`) REFERENCES `autores` (`id`) ON DELETE CASCADE,
  ADD CONSTRAINT `autor_libro_libros_id_foreign` FOREIGN KEY (`libros_id`) REFERENCES `libros` (`id`) ON DELETE CASCADE;

--
-- Filtros para la tabla `libros`
--
ALTER TABLE `libros`
  ADD CONSTRAINT `libros_categoria_id_foreign` FOREIGN KEY (`categoria_id`) REFERENCES `categorias` (`id`) ON DELETE CASCADE,
  ADD CONSTRAINT `libros_estante_id_foreign` FOREIGN KEY (`estante_id`) REFERENCES `estantes` (`id`) ON DELETE CASCADE,
  ADD CONSTRAINT `libros_user_id_foreign` FOREIGN KEY (`user_id`) REFERENCES `users` (`id`) ON DELETE CASCADE;

--
-- Filtros para la tabla `libro_prestamo`
--
ALTER TABLE `libro_prestamo`
  ADD CONSTRAINT `libro_prestamo_alumno_id_foreign` FOREIGN KEY (`alumno_id`) REFERENCES `alumnos` (`id`) ON DELETE CASCADE,
  ADD CONSTRAINT `libro_prestamo_libro_id_foreign` FOREIGN KEY (`libro_id`) REFERENCES `libros` (`id`) ON DELETE CASCADE,
  ADD CONSTRAINT `libro_prestamo_prestamo_id_foreign` FOREIGN KEY (`prestamo_id`) REFERENCES `prestamos` (`id`) ON DELETE CASCADE;

--
-- Filtros para la tabla `prestamos`
--
ALTER TABLE `prestamos`
  ADD CONSTRAINT `prestamos_tipo_prestamo_id_foreign` FOREIGN KEY (`tipo_prestamo_id`) REFERENCES `tipo_prestamos` (`id`) ON DELETE CASCADE,
  ADD CONSTRAINT `prestamos_user_id_foreign` FOREIGN KEY (`user_id`) REFERENCES `users` (`id`) ON DELETE CASCADE;
COMMIT;

/*!40101 SET CHARACTER_SET_CLIENT=@OLD_CHARACTER_SET_CLIENT */;
/*!40101 SET CHARACTER_SET_RESULTS=@OLD_CHARACTER_SET_RESULTS */;
/*!40101 SET COLLATION_CONNECTION=@OLD_COLLATION_CONNECTION */;
